[2026-06-03 23:09:13] production.ERROR: SQLSTATE[HY000] [2002] No connection could be made because the target machine actively refused it (SQL: select * from information_schema.tables where table_schema = forge and table_name = migrations and table_type = 'BASE TABLE') {"exception":"[object] (Illuminate\\Database\\QueryException(code: 2002): SQLSTATE[HY000] [2002] No connection could be made because the target machine actively refused it (SQL: select * from information_schema.tables where table_schema = forge and table_name = migrations and table_type = 'BASE TABLE') at D:\\Kuliah\\Kuliah Semester 4\\Rekayasa Perangkat Lunak\\Project-Apps\\vendor\\laravel\\framework\\src\\Illuminate\\Database\\Connection.php:760)
[stacktrace]
#0 D:\\Kuliah\\Kuliah Semester 4\\Rekayasa Perangkat Lunak\\Project-Apps\\vendor\\laravel\\framework\\src\\Illuminate\\Database\\Connection.php(720): Illuminate\\Database\\Connection->runQueryCallback('select * from i...', Array, Object(Closure))
#1 D:\\Kuliah\\Kuliah Semester 4\\Rekayasa Perangkat Lunak\\Project-Apps\\vendor\\laravel\\framework\\src\\Illuminate\\Database\\Connection.php(405): Illuminate\\Database\\Connection->run('select * from i...', Array, Object(Closure))
#2 D:\\Kuliah\\Kuliah Semester 4\\Rekayasa Perangkat Lunak\\Project-Apps\\vendor\\laravel\\framework\\src\\Illuminate\\Database\\Connection.php(392): Illuminate\\Database\\Connection->select('select * from i...', Array, false)
#3 D:\\Kuliah\\Kuliah Semester 4\\Rekayasa Perangkat Lunak\\Project-Apps\\vendor\\laravel\\framework\\src\\Illuminate\\Database\\Schema\\MySqlBuilder.php(43): Illuminate\\Database\\Connection->selectFromWriteConnection('select * from i...', Array)
#4 D:\\Kuliah\\Kuliah Semester 4\\Rekayasa Perangkat Lunak\\Project-Apps\\vendor\\laravel\\framework\\src\\Illuminate\\Database\\Migrations\\DatabaseMigrationRepository.php(169): Illuminate\\Database\\Schema\\MySqlBuilder->hasTable('migrations')
#5 D:\\Kuliah\\Kuliah Semester 4\\Rekayasa Perangkat Lunak\\Project-Apps\\vendor\\laravel\\framework\\src\\Illuminate\\Database\\Migrations\\Migrator.php(722): Illuminate\\Database\\Migrations\\DatabaseMigrationRepository->repositoryExists()
#6 D:\\Kuliah\\Kuliah Semester 4\\Rekayasa Perangkat Lunak\\Project-Apps\\vendor\\laravel\\framework\\src\\Illuminate\\Database\\Console\\Migrations\\StatusCommand.php(53): Illuminate\\Database\\Migrations\\Migrator->repositoryExists()
#7 D:\\Kuliah\\Kuliah Semester 4\\Rekayasa Perangkat Lunak\\Project-Apps\\vendor\\laravel\\framework\\src\\Illuminate\\Database\\Migrations\\Migrator.php(636): Illuminate\\Database\\Console\\Migrations\\StatusCommand->Illuminate\\Database\\Console\\Migrations\\{closure}()
#8 D:\\Kuliah\\Kuliah Semester 4\\Rekayasa Perangkat Lunak\\Project-Apps\\vendor\\laravel\\framework\\src\\Illuminate\\Database\\Console\\Migrations\\StatusCommand.php(52): Illuminate\\Database\\Migrations\\Migrator->usingConnection(NULL, Object(Closure))
#9 D:\\Kuliah\\Kuliah Semester 4\\Rekayasa Perangkat Lunak\\Project-Apps\\vendor\\laravel\\framework\\src\\Illuminate\\Container\\BoundMethod.php(36): Illuminate\\Database\\Console\\Migrations\\StatusCommand->handle()
#10 D:\\Kuliah\\Kuliah Semester 4\\Rekayasa Perangkat Lunak\\Project-Apps\\vendor\\laravel\\framework\\src\\Illuminate\\Container\\Util.php(41): Illuminate\\Container\\BoundMethod::Illuminate\\Container\\{closure}()
#11 D:\\Kuliah\\Kuliah Semester 4\\Rekayasa Perangkat Lunak\\Project-Apps\\vendor\\laravel\\framework\\src\\Illuminate\\Container\\BoundMethod.php(93): Illuminate\\Container\\Util::unwrapIfClosure(Object(Closure))
#12 D:\\Kuliah\\Kuliah Semester 4\\Rekayasa Perangkat Lunak\\Project-Apps\\vendor\\laravel\\framework\\src\\Illuminate\\Container\\BoundMethod.php(35): Illuminate\\Container\\BoundMethod::callBoundMethod(Object(Illuminate\\Foundation\\Application), Array, Object(Closure))
#13 D:\\Kuliah\\Kuliah Semester 4\\Rekayasa Perangkat Lunak\\Project-Apps\\vendor\\laravel\\framework\\src\\Illuminate\\Container\\Container.php(661): Illuminate\\Container\\BoundMethod::call(Object(Illuminate\\Foundation\\Application), Array, Array, NULL)
#14 D:\\Kuliah\\Kuliah Semester 4\\Rekayasa Perangkat Lunak\\Project-Apps\\vendor\\laravel\\framework\\src\\Illuminate\\Console\\Command.php(183): Illuminate\\Container\\Container->call(Array)
#15 D:\\Kuliah\\Kuliah Semester 4\\Rekayasa Perangkat Lunak\\Project-Apps\\vendor\\symfony\\console\\Command\\Command.php(291): Illuminate\\Console\\Command->execute(Object(Symfony\\Component\\Console\\Input\\ArgvInput), Object(Illuminate\\Console\\OutputStyle))
#16 D:\\Kuliah\\Kuliah Semester 4\\Rekayasa Perangkat Lunak\\Project-Apps\\vendor\\laravel\\framework\\src\\Illuminate\\Console\\Command.php(152): Symfony\\Component\\Console\\Command\\Command->run(Object(Symfony\\Component\\Console\\Input\\ArgvInput), Object(Illuminate\\Console\\OutputStyle))
#17 D:\\Kuliah\\Kuliah Semester 4\\Rekayasa Perangkat Lunak\\Project-Apps\\vendor\\symfony\\console\\Application.php(1014): Illuminate\\Console\\Command->run(Object(Symfony\\Component\\Console\\Input\\ArgvInput), Object(Symfony\\Component\\Console\\Output\\ConsoleOutput))
#18 D:\\Kuliah\\Kuliah Semester 4\\Rekayasa Perangkat Lunak\\Project-Apps\\vendor\\symfony\\console\\Application.php(301): Symfony\\Component\\Console\\Application->doRunCommand(Object(Illuminate\\Database\\Console\\Migrations\\StatusCommand), Object(Symfony\\Component\\Console\\Input\\ArgvInput), Object(Symfony\\Component\\Console\\Output\\ConsoleOutput))
#19 D:\\Kuliah\\Kuliah Semester 4\\Rekayasa Perangkat Lunak\\Project-Apps\\vendor\\symfony\\console\\Application.php(171): Symfony\\Component\\Console\\Application->doRun(Object(Symfony\\Component\\Console\\Input\\ArgvInput), Object(Symfony\\Component\\Console\\Output\\ConsoleOutput))
#20 D:\\Kuliah\\Kuliah Semester 4\\Rekayasa Perangkat Lunak\\Project-Apps\\vendor\\laravel\\framework\\src\\Illuminate\\Console\\Application.php(102): Symfony\\Component\\Console\\Application->run(Object(Symfony\\Component\\Console\\Input\\ArgvInput), Object(Symfony\\Component\\Console\\Output\\ConsoleOutput))
#21 D:\\Kuliah\\Kuliah Semester 4\\Rekayasa Perangkat Lunak\\Project-Apps\\vendor\\laravel\\framework\\src\\Illuminate\\Foundation\\Console\\Kernel.php(155): Illuminate\\Console\\Application->run(Object(Symfony\\Component\\Console\\Input\\ArgvInput), Object(Symfony\\Component\\Console\\Output\\ConsoleOutput))
#22 D:\\Kuliah\\Kuliah Semester 4\\Rekayasa Perangkat Lunak\\Project-Apps\\artisan(35): Illuminate\\Foundation\\Console\\Kernel->handle(Object(Symfony\\Component\\Console\\Input\\ArgvInput), Object(Symfony\\Component\\Console\\Output\\ConsoleOutput))
#23 {main}

[previous exception] [object] (PDOException(code: 2002): SQLSTATE[HY000] [2002] No connection could be made because the target machine actively refused it at D:\\Kuliah\\Kuliah Semester 4\\Rekayasa Perangkat Lunak\\Project-Apps\\vendor\\laravel\\framework\\src\\Illuminate\\Database\\Connectors\\Connector.php:70)
[stacktrace]
#0 D:\\Kuliah\\Kuliah Semester 4\\Rekayasa Perangkat Lunak\\Project-Apps\\vendor\\laravel\\framework\\src\\Illuminate\\Database\\Connectors\\Connector.php(70): PDO->__construct('mysql:host=127....', 'forge', Object(SensitiveParameterValue), Array)
#1 D:\\Kuliah\\Kuliah Semester 4\\Rekayasa Perangkat Lunak\\Project-Apps\\vendor\\laravel\\framework\\src\\Illuminate\\Database\\Connectors\\Connector.php(45): Illuminate\\Database\\Connectors\\Connector->createPdoConnection('mysql:host=127....', 'forge', '', Array)
#2 D:\\Kuliah\\Kuliah Semester 4\\Rekayasa Perangkat Lunak\\Project-Apps\\vendor\\laravel\\framework\\src\\Illuminate\\Database\\Connectors\\MySqlConnector.php(24): Illuminate\\Database\\Connectors\\Connector->createConnection('mysql:host=127....', Array, Array)
#3 D:\\Kuliah\\Kuliah Semester 4\\Rekayasa Perangkat Lunak\\Project-Apps\\vendor\\laravel\\framework\\src\\Illuminate\\Database\\Connectors\\ConnectionFactory.php(184): Illuminate\\Database\\Connectors\\MySqlConnector->connect(Array)
#4 [internal function]: Illuminate\\Database\\Connectors\\ConnectionFactory->Illuminate\\Database\\Connectors\\{closure}()
#5 D:\\Kuliah\\Kuliah Semester 4\\Rekayasa Perangkat Lunak\\Project-Apps\\vendor\\laravel\\framework\\src\\Illuminate\\Database\\Connection.php(1181): call_user_func(Object(Closure))
#6 D:\\Kuliah\\Kuliah Semester 4\\Rekayasa Perangkat Lunak\\Project-Apps\\vendor\\laravel\\framework\\src\\Illuminate\\Database\\Connection.php(486): Illuminate\\Database\\Connection->getPdo()
#7 D:\\Kuliah\\Kuliah Semester 4\\Rekayasa Perangkat Lunak\\Project-Apps\\vendor\\laravel\\framework\\src\\Illuminate\\Database\\Connection.php(414): Illuminate\\Database\\Connection->getPdoForSelect(false)
#8 D:\\Kuliah\\Kuliah Semester 4\\Rekayasa Perangkat Lunak\\Project-Apps\\vendor\\laravel\\framework\\src\\Illuminate\\Database\\Connection.php(753): Illuminate\\Database\\Connection->Illuminate\\Database\\{closure}('select * from i...', Array)
#9 D:\\Kuliah\\Kuliah Semester 4\\Rekayasa Perangkat Lunak\\Project-Apps\\vendor\\laravel\\framework\\src\\Illuminate\\Database\\Connection.php(720): Illuminate\\Database\\Connection->runQueryCallback('select * from i...', Array, Object(Closure))
#10 D:\\Kuliah\\Kuliah Semester 4\\Rekayasa Perangkat Lunak\\Project-Apps\\vendor\\laravel\\framework\\src\\Illuminate\\Database\\Connection.php(405): Illuminate\\Database\\Connection->run('select * from i...', Array, Object(Closure))
#11 D:\\Kuliah\\Kuliah Semester 4\\Rekayasa Perangkat Lunak\\Project-Apps\\vendor\\laravel\\framework\\src\\Illuminate\\Database\\Connection.php(392): Illuminate\\Database\\Connection->select('select * from i...', Array, false)
#12 D:\\Kuliah\\Kuliah Semester 4\\Rekayasa Perangkat Lunak\\Project-Apps\\vendor\\laravel\\framework\\src\\Illuminate\\Database\\Schema\\MySqlBuilder.php(43): Illuminate\\Database\\Connection->selectFromWriteConnection('select * from i...', Array)
#13 D:\\Kuliah\\Kuliah Semester 4\\Rekayasa Perangkat Lunak\\Project-Apps\\vendor\\laravel\\framework\\src\\Illuminate\\Database\\Migrations\\DatabaseMigrationRepository.php(169): Illuminate\\Database\\Schema\\MySqlBuilder->hasTable('migrations')
#14 D:\\Kuliah\\Kuliah Semester 4\\Rekayasa Perangkat Lunak\\Project-Apps\\vendor\\laravel\\framework\\src\\Illuminate\\Database\\Migrations\\Migrator.php(722): Illuminate\\Database\\Migrations\\DatabaseMigrationRepository->repositoryExists()
#15 D:\\Kuliah\\Kuliah Semester 4\\Rekayasa Perangkat Lunak\\Project-Apps\\vendor\\laravel\\framework\\src\\Illuminate\\Database\\Console\\Migrations\\StatusCommand.php(53): Illuminate\\Database\\Migrations\\Migrator->repositoryExists()
#16 D:\\Kuliah\\Kuliah Semester 4\\Rekayasa Perangkat Lunak\\Project-Apps\\vendor\\laravel\\framework\\src\\Illuminate\\Database\\Migrations\\Migrator.php(636): Illuminate\\Database\\Console\\Migrations\\StatusCommand->Illuminate\\Database\\Console\\Migrations\\{closure}()
#17 D:\\Kuliah\\Kuliah Semester 4\\Rekayasa Perangkat Lunak\\Project-Apps\\vendor\\laravel\\framework\\src\\Illuminate\\Database\\Console\\Migrations\\StatusCommand.php(52): Illuminate\\Database\\Migrations\\Migrator->usingConnection(NULL, Object(Closure))
#18 D:\\Kuliah\\Kuliah Semester 4\\Rekayasa Perangkat Lunak\\Project-Apps\\vendor\\laravel\\framework\\src\\Illuminate\\Container\\BoundMethod.php(36): Illuminate\\Database\\Console\\Migrations\\StatusCommand->handle()
#19 D:\\Kuliah\\Kuliah Semester 4\\Rekayasa Perangkat Lunak\\Project-Apps\\vendor\\laravel\\framework\\src\\Illuminate\\Container\\Util.php(41): Illuminate\\Container\\BoundMethod::Illuminate\\Container\\{closure}()
#20 D:\\Kuliah\\Kuliah Semester 4\\Rekayasa Perangkat Lunak\\Project-Apps\\vendor\\laravel\\framework\\src\\Illuminate\\Container\\BoundMethod.php(93): Illuminate\\Container\\Util::unwrapIfClosure(Object(Closure))
#21 D:\\Kuliah\\Kuliah Semester 4\\Rekayasa Perangkat Lunak\\Project-Apps\\vendor\\laravel\\framework\\src\\Illuminate\\Container\\BoundMethod.php(35): Illuminate\\Container\\BoundMethod::callBoundMethod(Object(Illuminate\\Foundation\\Application), Array, Object(Closure))
#22 D:\\Kuliah\\Kuliah Semester 4\\Rekayasa Perangkat Lunak\\Project-Apps\\vendor\\laravel\\framework\\src\\Illuminate\\Container\\Container.php(661): Illuminate\\Container\\BoundMethod::call(Object(Illuminate\\Foundation\\Application), Array, Array, NULL)
#23 D:\\Kuliah\\Kuliah Semester 4\\Rekayasa Perangkat Lunak\\Project-Apps\\vendor\\laravel\\framework\\src\\Illuminate\\Console\\Command.php(183): Illuminate\\Container\\Container->call(Array)
#24 D:\\Kuliah\\Kuliah Semester 4\\Rekayasa Perangkat Lunak\\Project-Apps\\vendor\\symfony\\console\\Command\\Command.php(291): Illuminate\\Console\\Command->execute(Object(Symfony\\Component\\Console\\Input\\ArgvInput), Object(Illuminate\\Console\\OutputStyle))
#25 D:\\Kuliah\\Kuliah Semester 4\\Rekayasa Perangkat Lunak\\Project-Apps\\vendor\\laravel\\framework\\src\\Illuminate\\Console\\Command.php(152): Symfony\\Component\\Console\\Command\\Command->run(Object(Symfony\\Component\\Console\\Input\\ArgvInput), Object(Illuminate\\Console\\OutputStyle))
#26 D:\\Kuliah\\Kuliah Semester 4\\Rekayasa Perangkat Lunak\\Project-Apps\\vendor\\symfony\\console\\Application.php(1014): Illuminate\\Console\\Command->run(Object(Symfony\\Component\\Console\\Input\\ArgvInput), Object(Symfony\\Component\\Console\\Output\\ConsoleOutput))
#27 D:\\Kuliah\\Kuliah Semester 4\\Rekayasa Perangkat Lunak\\Project-Apps\\vendor\\symfony\\console\\Application.php(301): Symfony\\Component\\Console\\Application->doRunCommand(Object(Illuminate\\Database\\Console\\Migrations\\StatusCommand), Object(Symfony\\Component\\Console\\Input\\ArgvInput), Object(Symfony\\Component\\Console\\Output\\ConsoleOutput))
#28 D:\\Kuliah\\Kuliah Semester 4\\Rekayasa Perangkat Lunak\\Project-Apps\\vendor\\symfony\\console\\Application.php(171): Symfony\\Component\\Console\\Application->doRun(Object(Symfony\\Component\\Console\\Input\\ArgvInput), Object(Symfony\\Component\\Console\\Output\\ConsoleOutput))
#29 D:\\Kuliah\\Kuliah Semester 4\\Rekayasa Perangkat Lunak\\Project-Apps\\vendor\\laravel\\framework\\src\\Illuminate\\Console\\Application.php(102): Symfony\\Component\\Console\\Application->run(Object(Symfony\\Component\\Console\\Input\\ArgvInput), Object(Symfony\\Component\\Console\\Output\\ConsoleOutput))
#30 D:\\Kuliah\\Kuliah Semester 4\\Rekayasa Perangkat Lunak\\Project-Apps\\vendor\\laravel\\framework\\src\\Illuminate\\Foundation\\Console\\Kernel.php(155): Illuminate\\Console\\Application->run(Object(Symfony\\Component\\Console\\Input\\ArgvInput), Object(Symfony\\Component\\Console\\Output\\ConsoleOutput))
#31 D:\\Kuliah\\Kuliah Semester 4\\Rekayasa Perangkat Lunak\\Project-Apps\\artisan(35): Illuminate\\Foundation\\Console\\Kernel->handle(Object(Symfony\\Component\\Console\\Input\\ArgvInput), Object(Symfony\\Component\\Console\\Output\\ConsoleOutput))
#32 {main}
"} 
[2026-06-03 23:37:40] local.ERROR: SQLSTATE[42S22]: Column not found: 1054 Unknown column 'expires_at' in 'field list' (SQL: insert into `personal_access_tokens` (`name`, `token`, `abilities`, `expires_at`, `tokenable_id`, `tokenable_type`, `updated_at`, `created_at`) values (auth_token, b8d8b76daad78c3b0f6e29b3fd6867926601285b5001090919b68edd1e9a9573, ["*"], ?, 1, App\Models\User, 2026-06-03 23:37:40, 2026-06-03 23:37:40)) {"exception":"[object] (Illuminate\\Database\\QueryException(code: 42S22): SQLSTATE[42S22]: Column not found: 1054 Unknown column 'expires_at' in 'field list' (SQL: insert into `personal_access_tokens` (`name`, `token`, `abilities`, `expires_at`, `tokenable_id`, `tokenable_type`, `updated_at`, `created_at`) values (auth_token, b8d8b76daad78c3b0f6e29b3fd6867926601285b5001090919b68edd1e9a9573, [\"*\"], ?, 1, App\\Models\\User, 2026-06-03 23:37:40, 2026-06-03 23:37:40)) at D:\\Kuliah\\Kuliah Semester 4\\Rekayasa Perangkat Lunak\\Project-Apps\\vendor\\laravel\\framework\\src\\Illuminate\\Database\\Connection.php:760)
[stacktrace]
#0 D:\\Kuliah\\Kuliah Semester 4\\Rekayasa Perangkat Lunak\\Project-Apps\\vendor\\laravel\\framework\\src\\Illuminate\\Database\\Connection.php(720): Illuminate\\Database\\Connection->runQueryCallback('insert into `pe...', Array, Object(Closure))
#1 D:\\Kuliah\\Kuliah Semester 4\\Rekayasa Perangkat Lunak\\Project-Apps\\vendor\\laravel\\framework\\src\\Illuminate\\Database\\Connection.php(534): Illuminate\\Database\\Connection->run('insert into `pe...', Array, Object(Closure))
#2 D:\\Kuliah\\Kuliah Semester 4\\Rekayasa Perangkat Lunak\\Project-Apps\\vendor\\laravel\\framework\\src\\Illuminate\\Database\\Connection.php(498): Illuminate\\Database\\Connection->statement('insert into `pe...', Array)
#3 D:\\Kuliah\\Kuliah Semester 4\\Rekayasa Perangkat Lunak\\Project-Apps\\vendor\\laravel\\framework\\src\\Illuminate\\Database\\Query\\Processors\\Processor.php(32): Illuminate\\Database\\Connection->insert('insert into `pe...', Array)
#4 D:\\Kuliah\\Kuliah Semester 4\\Rekayasa Perangkat Lunak\\Project-Apps\\vendor\\laravel\\framework\\src\\Illuminate\\Database\\Query\\Builder.php(3322): Illuminate\\Database\\Query\\Processors\\Processor->processInsertGetId(Object(Illuminate\\Database\\Query\\Builder), 'insert into `pe...', Array, 'id')
#5 D:\\Kuliah\\Kuliah Semester 4\\Rekayasa Perangkat Lunak\\Project-Apps\\vendor\\laravel\\framework\\src\\Illuminate\\Database\\Eloquent\\Builder.php(1869): Illuminate\\Database\\Query\\Builder->insertGetId(Array, 'id')
#6 D:\\Kuliah\\Kuliah Semester 4\\Rekayasa Perangkat Lunak\\Project-Apps\\vendor\\laravel\\framework\\src\\Illuminate\\Database\\Eloquent\\Model.php(1330): Illuminate\\Database\\Eloquent\\Builder->__call('insertGetId', Array)
#7 D:\\Kuliah\\Kuliah Semester 4\\Rekayasa Perangkat Lunak\\Project-Apps\\vendor\\laravel\\framework\\src\\Illuminate\\Database\\Eloquent\\Model.php(1295): Illuminate\\Database\\Eloquent\\Model->insertAndSetId(Object(Illuminate\\Database\\Eloquent\\Builder), Array)
#8 D:\\Kuliah\\Kuliah Semester 4\\Rekayasa Perangkat Lunak\\Project-Apps\\vendor\\laravel\\framework\\src\\Illuminate\\Database\\Eloquent\\Model.php(1138): Illuminate\\Database\\Eloquent\\Model->performInsert(Object(Illuminate\\Database\\Eloquent\\Builder))
#9 D:\\Kuliah\\Kuliah Semester 4\\Rekayasa Perangkat Lunak\\Project-Apps\\vendor\\laravel\\framework\\src\\Illuminate\\Database\\Eloquent\\Relations\\HasOneOrMany.php(322): Illuminate\\Database\\Eloquent\\Model->save()
#10 D:\\Kuliah\\Kuliah Semester 4\\Rekayasa Perangkat Lunak\\Project-Apps\\vendor\\laravel\\framework\\src\\Illuminate\\Support\\helpers.php(319): Illuminate\\Database\\Eloquent\\Relations\\HasOneOrMany->Illuminate\\Database\\Eloquent\\Relations\\{closure}(Object(Laravel\\Sanctum\\PersonalAccessToken))
#11 D:\\Kuliah\\Kuliah Semester 4\\Rekayasa Perangkat Lunak\\Project-Apps\\vendor\\laravel\\framework\\src\\Illuminate\\Database\\Eloquent\\Relations\\HasOneOrMany.php(319): tap(Object(Laravel\\Sanctum\\PersonalAccessToken), Object(Closure))
#12 D:\\Kuliah\\Kuliah Semester 4\\Rekayasa Perangkat Lunak\\Project-Apps\\vendor\\laravel\\sanctum\\src\\HasApiTokens.php(50): Illuminate\\Database\\Eloquent\\Relations\\HasOneOrMany->create(Array)
#13 D:\\Kuliah\\Kuliah Semester 4\\Rekayasa Perangkat Lunak\\Project-Apps\\app\\Http\\Controllers\\Api\\AuthController.php(28): App\\Models\\User->createToken('auth_token')
#14 D:\\Kuliah\\Kuliah Semester 4\\Rekayasa Perangkat Lunak\\Project-Apps\\vendor\\laravel\\framework\\src\\Illuminate\\Routing\\Controller.php(54): App\\Http\\Controllers\\Api\\AuthController->register(Object(Illuminate\\Http\\Request))
#15 D:\\Kuliah\\Kuliah Semester 4\\Rekayasa Perangkat Lunak\\Project-Apps\\vendor\\laravel\\framework\\src\\Illuminate\\Routing\\ControllerDispatcher.php(43): Illuminate\\Routing\\Controller->callAction('register', Array)
#16 D:\\Kuliah\\Kuliah Semester 4\\Rekayasa Perangkat Lunak\\Project-Apps\\vendor\\laravel\\framework\\src\\Illuminate\\Routing\\Route.php(259): Illuminate\\Routing\\ControllerDispatcher->dispatch(Object(Illuminate\\Routing\\Route), Object(App\\Http\\Controllers\\Api\\AuthController), 'register')
#17 D:\\Kuliah\\Kuliah Semester 4\\Rekayasa Perangkat Lunak\\Project-Apps\\vendor\\laravel\\framework\\src\\Illuminate\\Routing\\Route.php(205): Illuminate\\Routing\\Route->runController()
#18 D:\\Kuliah\\Kuliah Semester 4\\Rekayasa Perangkat Lunak\\Project-Apps\\vendor\\laravel\\framework\\src\\Illuminate\\Routing\\Router.php(798): Illuminate\\Routing\\Route->run()
#19 D:\\Kuliah\\Kuliah Semester 4\\Rekayasa Perangkat Lunak\\Project-Apps\\vendor\\laravel\\framework\\src\\Illuminate\\Pipeline\\Pipeline.php(141): Illuminate\\Routing\\Router->Illuminate\\Routing\\{closure}(Object(Illuminate\\Http\\Request))
#20 D:\\Kuliah\\Kuliah Semester 4\\Rekayasa Perangkat Lunak\\Project-Apps\\vendor\\laravel\\framework\\src\\Illuminate\\Routing\\Middleware\\SubstituteBindings.php(50): Illuminate\\Pipeline\\Pipeline->Illuminate\\Pipeline\\{closure}(Object(Illuminate\\Http\\Request))
#21 D:\\Kuliah\\Kuliah Semester 4\\Rekayasa Perangkat Lunak\\Project-Apps\\vendor\\laravel\\framework\\src\\Illuminate\\Pipeline\\Pipeline.php(180): Illuminate\\Routing\\Middleware\\SubstituteBindings->handle(Object(Illuminate\\Http\\Request), Object(Closure))
#22 D:\\Kuliah\\Kuliah Semester 4\\Rekayasa Perangkat Lunak\\Project-Apps\\vendor\\laravel\\framework\\src\\Illuminate\\Routing\\Middleware\\ThrottleRequests.php(126): Illuminate\\Pipeline\\Pipeline->Illuminate\\Pipeline\\{closure}(Object(Illuminate\\Http\\Request))
#23 D:\\Kuliah\\Kuliah Semester 4\\Rekayasa Perangkat Lunak\\Project-Apps\\vendor\\laravel\\framework\\src\\Illuminate\\Routing\\Middleware\\ThrottleRequests.php(92): Illuminate\\Routing\\Middleware\\ThrottleRequests->handleRequest(Object(Illuminate\\Http\\Request), Object(Closure), Array)
#24 D:\\Kuliah\\Kuliah Semester 4\\Rekayasa Perangkat Lunak\\Project-Apps\\vendor\\laravel\\framework\\src\\Illuminate\\Routing\\Middleware\\ThrottleRequests.php(54): Illuminate\\Routing\\Middleware\\ThrottleRequests->handleRequestUsingNamedLimiter(Object(Illuminate\\Http\\Request), Object(Closure), 'api', Object(Closure))
#25 D:\\Kuliah\\Kuliah Semester 4\\Rekayasa Perangkat Lunak\\Project-Apps\\vendor\\laravel\\framework\\src\\Illuminate\\Pipeline\\Pipeline.php(180): Illuminate\\Routing\\Middleware\\ThrottleRequests->handle(Object(Illuminate\\Http\\Request), Object(Closure), 'api')
#26 D:\\Kuliah\\Kuliah Semester 4\\Rekayasa Perangkat Lunak\\Project-Apps\\vendor\\laravel\\framework\\src\\Illuminate\\Pipeline\\Pipeline.php(116): Illuminate\\Pipeline\\Pipeline->Illuminate\\Pipeline\\{closure}(Object(Illuminate\\Http\\Request))
#27 D:\\Kuliah\\Kuliah Semester 4\\Rekayasa Perangkat Lunak\\Project-Apps\\vendor\\laravel\\framework\\src\\Illuminate\\Routing\\Router.php(797): Illuminate\\Pipeline\\Pipeline->then(Object(Closure))
#28 D:\\Kuliah\\Kuliah Semester 4\\Rekayasa Perangkat Lunak\\Project-Apps\\vendor\\laravel\\framework\\src\\Illuminate\\Routing\\Router.php(776): Illuminate\\Routing\\Router->runRouteWithinStack(Object(Illuminate\\Routing\\Route), Object(Illuminate\\Http\\Request))
#29 D:\\Kuliah\\Kuliah Semester 4\\Rekayasa Perangkat Lunak\\Project-Apps\\vendor\\laravel\\framework\\src\\Illuminate\\Routing\\Router.php(740): Illuminate\\Routing\\Router->runRoute(Object(Illuminate\\Http\\Request), Object(Illuminate\\Routing\\Route))
#30 D:\\Kuliah\\Kuliah Semester 4\\Rekayasa Perangkat Lunak\\Project-Apps\\vendor\\laravel\\framework\\src\\Illuminate\\Routing\\Router.php(729): Illuminate\\Routing\\Router->dispatchToRoute(Object(Illuminate\\Http\\Request))
#31 D:\\Kuliah\\Kuliah Semester 4\\Rekayasa Perangkat Lunak\\Project-Apps\\vendor\\laravel\\framework\\src\\Illuminate\\Foundation\\Http\\Kernel.php(190): Illuminate\\Routing\\Router->dispatch(Object(Illuminate\\Http\\Request))
#32 D:\\Kuliah\\Kuliah Semester 4\\Rekayasa Perangkat Lunak\\Project-Apps\\vendor\\laravel\\framework\\src\\Illuminate\\Pipeline\\Pipeline.php(141): Illuminate\\Foundation\\Http\\Kernel->Illuminate\\Foundation\\Http\\{closure}(Object(Illuminate\\Http\\Request))
#33 D:\\Kuliah\\Kuliah Semester 4\\Rekayasa Perangkat Lunak\\Project-Apps\\vendor\\laravel\\framework\\src\\Illuminate\\Foundation\\Http\\Middleware\\TransformsRequest.php(21): Illuminate\\Pipeline\\Pipeline->Illuminate\\Pipeline\\{closure}(Object(Illuminate\\Http\\Request))
#34 D:\\Kuliah\\Kuliah Semester 4\\Rekayasa Perangkat Lunak\\Project-Apps\\vendor\\laravel\\framework\\src\\Illuminate\\Foundation\\Http\\Middleware\\ConvertEmptyStringsToNull.php(31): Illuminate\\Foundation\\Http\\Middleware\\TransformsRequest->handle(Object(Illuminate\\Http\\Request), Object(Closure))
#35 D:\\Kuliah\\Kuliah Semester 4\\Rekayasa Perangkat Lunak\\Project-Apps\\vendor\\laravel\\framework\\src\\Illuminate\\Pipeline\\Pipeline.php(180): Illuminate\\Foundation\\Http\\Middleware\\ConvertEmptyStringsToNull->handle(Object(Illuminate\\Http\\Request), Object(Closure))
#36 D:\\Kuliah\\Kuliah Semester 4\\Rekayasa Perangkat Lunak\\Project-Apps\\vendor\\laravel\\framework\\src\\Illuminate\\Foundation\\Http\\Middleware\\TransformsRequest.php(21): Illuminate\\Pipeline\\Pipeline->Illuminate\\Pipeline\\{closure}(Object(Illuminate\\Http\\Request))
#37 D:\\Kuliah\\Kuliah Semester 4\\Rekayasa Perangkat Lunak\\Project-Apps\\vendor\\laravel\\framework\\src\\Illuminate\\Foundation\\Http\\Middleware\\TrimStrings.php(40): Illuminate\\Foundation\\Http\\Middleware\\TransformsRequest->handle(Object(Illuminate\\Http\\Request), Object(Closure))
#38 D:\\Kuliah\\Kuliah Semester 4\\Rekayasa Perangkat Lunak\\Project-Apps\\vendor\\laravel\\framework\\src\\Illuminate\\Pipeline\\Pipeline.php(180): Illuminate\\Foundation\\Http\\Middleware\\TrimStrings->handle(Object(Illuminate\\Http\\Request), Object(Closure))
#39 D:\\Kuliah\\Kuliah Semester 4\\Rekayasa Perangkat Lunak\\Project-Apps\\vendor\\laravel\\framework\\src\\Illuminate\\Foundation\\Http\\Middleware\\ValidatePostSize.php(27): Illuminate\\Pipeline\\Pipeline->Illuminate\\Pipeline\\{closure}(Object(Illuminate\\Http\\Request))
#40 D:\\Kuliah\\Kuliah Semester 4\\Rekayasa Perangkat Lunak\\Project-Apps\\vendor\\laravel\\framework\\src\\Illuminate\\Pipeline\\Pipeline.php(180): Illuminate\\Foundation\\Http\\Middleware\\ValidatePostSize->handle(Object(Illuminate\\Http\\Request), Object(Closure))
#41 D:\\Kuliah\\Kuliah Semester 4\\Rekayasa Perangkat Lunak\\Project-Apps\\vendor\\laravel\\framework\\src\\Illuminate\\Foundation\\Http\\Middleware\\PreventRequestsDuringMaintenance.php(86): Illuminate\\Pipeline\\Pipeline->Illuminate\\Pipeline\\{closure}(Object(Illuminate\\Http\\Request))
#42 D:\\Kuliah\\Kuliah Semester 4\\Rekayasa Perangkat Lunak\\Project-Apps\\vendor\\laravel\\framework\\src\\Illuminate\\Pipeline\\Pipeline.php(180): Illuminate\\Foundation\\Http\\Middleware\\PreventRequestsDuringMaintenance->handle(Object(Illuminate\\Http\\Request), Object(Closure))
#43 D:\\Kuliah\\Kuliah Semester 4\\Rekayasa Perangkat Lunak\\Project-Apps\\vendor\\fruitcake\\laravel-cors\\src\\HandleCors.php(52): Illuminate\\Pipeline\\Pipeline->Illuminate\\Pipeline\\{closure}(Object(Illuminate\\Http\\Request))
#44 D:\\Kuliah\\Kuliah Semester 4\\Rekayasa Perangkat Lunak\\Project-Apps\\vendor\\laravel\\framework\\src\\Illuminate\\Pipeline\\Pipeline.php(180): Fruitcake\\Cors\\HandleCors->handle(Object(Illuminate\\Http\\Request), Object(Closure))
#45 D:\\Kuliah\\Kuliah Semester 4\\Rekayasa Perangkat Lunak\\Project-Apps\\vendor\\laravel\\framework\\src\\Illuminate\\Http\\Middleware\\TrustProxies.php(39): Illuminate\\Pipeline\\Pipeline->Illuminate\\Pipeline\\{closure}(Object(Illuminate\\Http\\Request))
#46 D:\\Kuliah\\Kuliah Semester 4\\Rekayasa Perangkat Lunak\\Project-Apps\\vendor\\laravel\\framework\\src\\Illuminate\\Pipeline\\Pipeline.php(180): Illuminate\\Http\\Middleware\\TrustProxies->handle(Object(Illuminate\\Http\\Request), Object(Closure))
#47 D:\\Kuliah\\Kuliah Semester 4\\Rekayasa Perangkat Lunak\\Project-Apps\\vendor\\laravel\\framework\\src\\Illuminate\\Pipeline\\Pipeline.php(116): Illuminate\\Pipeline\\Pipeline->Illuminate\\Pipeline\\{closure}(Object(Illuminate\\Http\\Request))
#48 D:\\Kuliah\\Kuliah Semester 4\\Rekayasa Perangkat Lunak\\Project-Apps\\vendor\\laravel\\framework\\src\\Illuminate\\Foundation\\Http\\Kernel.php(165): Illuminate\\Pipeline\\Pipeline->then(Object(Closure))
#49 D:\\Kuliah\\Kuliah Semester 4\\Rekayasa Perangkat Lunak\\Project-Apps\\vendor\\laravel\\framework\\src\\Illuminate\\Foundation\\Http\\Kernel.php(134): Illuminate\\Foundation\\Http\\Kernel->sendRequestThroughRouter(Object(Illuminate\\Http\\Request))
#50 D:\\Kuliah\\Kuliah Semester 4\\Rekayasa Perangkat Lunak\\Project-Apps\\public\\index.php(51): Illuminate\\Foundation\\Http\\Kernel->handle(Object(Illuminate\\Http\\Request))
#51 D:\\Kuliah\\Kuliah Semester 4\\Rekayasa Perangkat Lunak\\Project-Apps\\vendor\\laravel\\framework\\src\\Illuminate\\Foundation\\resources\\server.php(16): require_once('D:\\\\Kuliah\\\\Kulia...')
#52 {main}

[previous exception] [object] (PDOException(code: 42S22): SQLSTATE[42S22]: Column not found: 1054 Unknown column 'expires_at' in 'field list' at D:\\Kuliah\\Kuliah Semester 4\\Rekayasa Perangkat Lunak\\Project-Apps\\vendor\\laravel\\framework\\src\\Illuminate\\Database\\Connection.php:539)
[stacktrace]
#0 D:\\Kuliah\\Kuliah Semester 4\\Rekayasa Perangkat Lunak\\Project-Apps\\vendor\\laravel\\framework\\src\\Illuminate\\Database\\Connection.php(539): PDO->prepare('insert into `pe...')
#1 D:\\Kuliah\\Kuliah Semester 4\\Rekayasa Perangkat Lunak\\Project-Apps\\vendor\\laravel\\framework\\src\\Illuminate\\Database\\Connection.php(753): Illuminate\\Database\\Connection->Illuminate\\Database\\{closure}('insert into `pe...', Array)
#2 D:\\Kuliah\\Kuliah Semester 4\\Rekayasa Perangkat Lunak\\Project-Apps\\vendor\\laravel\\framework\\src\\Illuminate\\Database\\Connection.php(720): Illuminate\\Database\\Connection->runQueryCallback('insert into `pe...', Array, Object(Closure))
#3 D:\\Kuliah\\Kuliah Semester 4\\Rekayasa Perangkat Lunak\\Project-Apps\\vendor\\laravel\\framework\\src\\Illuminate\\Database\\Connection.php(534): Illuminate\\Database\\Connection->run('insert into `pe...', Array, Object(Closure))
#4 D:\\Kuliah\\Kuliah Semester 4\\Rekayasa Perangkat Lunak\\Project-Apps\\vendor\\laravel\\framework\\src\\Illuminate\\Database\\Connection.php(498): Illuminate\\Database\\Connection->statement('insert into `pe...', Array)
#5 D:\\Kuliah\\Kuliah Semester 4\\Rekayasa Perangkat Lunak\\Project-Apps\\vendor\\laravel\\framework\\src\\Illuminate\\Database\\Query\\Processors\\Processor.php(32): Illuminate\\Database\\Connection->insert('insert into `pe...', Array)
#6 D:\\Kuliah\\Kuliah Semester 4\\Rekayasa Perangkat Lunak\\Project-Apps\\vendor\\laravel\\framework\\src\\Illuminate\\Database\\Query\\Builder.php(3322): Illuminate\\Database\\Query\\Processors\\Processor->processInsertGetId(Object(Illuminate\\Database\\Query\\Builder), 'insert into `pe...', Array, 'id')
#7 D:\\Kuliah\\Kuliah Semester 4\\Rekayasa Perangkat Lunak\\Project-Apps\\vendor\\laravel\\framework\\src\\Illuminate\\Database\\Eloquent\\Builder.php(1869): Illuminate\\Database\\Query\\Builder->insertGetId(Array, 'id')
#8 D:\\Kuliah\\Kuliah Semester 4\\Rekayasa Perangkat Lunak\\Project-Apps\\vendor\\laravel\\framework\\src\\Illuminate\\Database\\Eloquent\\Model.php(1330): Illuminate\\Database\\Eloquent\\Builder->__call('insertGetId', Array)
#9 D:\\Kuliah\\Kuliah Semester 4\\Rekayasa Perangkat Lunak\\Project-Apps\\vendor\\laravel\\framework\\src\\Illuminate\\Database\\Eloquent\\Model.php(1295): Illuminate\\Database\\Eloquent\\Model->insertAndSetId(Object(Illuminate\\Database\\Eloquent\\Builder), Array)
#10 D:\\Kuliah\\Kuliah Semester 4\\Rekayasa Perangkat Lunak\\Project-Apps\\vendor\\laravel\\framework\\src\\Illuminate\\Database\\Eloquent\\Model.php(1138): Illuminate\\Database\\Eloquent\\Model->performInsert(Object(Illuminate\\Database\\Eloquent\\Builder))
#11 D:\\Kuliah\\Kuliah Semester 4\\Rekayasa Perangkat Lunak\\Project-Apps\\vendor\\laravel\\framework\\src\\Illuminate\\Database\\Eloquent\\Relations\\HasOneOrMany.php(322): Illuminate\\Database\\Eloquent\\Model->save()
#12 D:\\Kuliah\\Kuliah Semester 4\\Rekayasa Perangkat Lunak\\Project-Apps\\vendor\\laravel\\framework\\src\\Illuminate\\Support\\helpers.php(319): Illuminate\\Database\\Eloquent\\Relations\\HasOneOrMany->Illuminate\\Database\\Eloquent\\Relations\\{closure}(Object(Laravel\\Sanctum\\PersonalAccessToken))
#13 D:\\Kuliah\\Kuliah Semester 4\\Rekayasa Perangkat Lunak\\Project-Apps\\vendor\\laravel\\framework\\src\\Illuminate\\Database\\Eloquent\\Relations\\HasOneOrMany.php(319): tap(Object(Laravel\\Sanctum\\PersonalAccessToken), Object(Closure))
#14 D:\\Kuliah\\Kuliah Semester 4\\Rekayasa Perangkat Lunak\\Project-Apps\\vendor\\laravel\\sanctum\\src\\HasApiTokens.php(50): Illuminate\\Database\\Eloquent\\Relations\\HasOneOrMany->create(Array)
#15 D:\\Kuliah\\Kuliah Semester 4\\Rekayasa Perangkat Lunak\\Project-Apps\\app\\Http\\Controllers\\Api\\AuthController.php(28): App\\Models\\User->createToken('auth_token')
#16 D:\\Kuliah\\Kuliah Semester 4\\Rekayasa Perangkat Lunak\\Project-Apps\\vendor\\laravel\\framework\\src\\Illuminate\\Routing\\Controller.php(54): App\\Http\\Controllers\\Api\\AuthController->register(Object(Illuminate\\Http\\Request))
#17 D:\\Kuliah\\Kuliah Semester 4\\Rekayasa Perangkat Lunak\\Project-Apps\\vendor\\laravel\\framework\\src\\Illuminate\\Routing\\ControllerDispatcher.php(43): Illuminate\\Routing\\Controller->callAction('register', Array)
#18 D:\\Kuliah\\Kuliah Semester 4\\Rekayasa Perangkat Lunak\\Project-Apps\\vendor\\laravel\\framework\\src\\Illuminate\\Routing\\Route.php(259): Illuminate\\Routing\\ControllerDispatcher->dispatch(Object(Illuminate\\Routing\\Route), Object(App\\Http\\Controllers\\Api\\AuthController), 'register')
#19 D:\\Kuliah\\Kuliah Semester 4\\Rekayasa Perangkat Lunak\\Project-Apps\\vendor\\laravel\\framework\\src\\Illuminate\\Routing\\Route.php(205): Illuminate\\Routing\\Route->runController()
#20 D:\\Kuliah\\Kuliah Semester 4\\Rekayasa Perangkat Lunak\\Project-Apps\\vendor\\laravel\\framework\\src\\Illuminate\\Routing\\Router.php(798): Illuminate\\Routing\\Route->run()
#21 D:\\Kuliah\\Kuliah Semester 4\\Rekayasa Perangkat Lunak\\Project-Apps\\vendor\\laravel\\framework\\src\\Illuminate\\Pipeline\\Pipeline.php(141): Illuminate\\Routing\\Router->Illuminate\\Routing\\{closure}(Object(Illuminate\\Http\\Request))
#22 D:\\Kuliah\\Kuliah Semester 4\\Rekayasa Perangkat Lunak\\Project-Apps\\vendor\\laravel\\framework\\src\\Illuminate\\Routing\\Middleware\\SubstituteBindings.php(50): Illuminate\\Pipeline\\Pipeline->Illuminate\\Pipeline\\{closure}(Object(Illuminate\\Http\\Request))
#23 D:\\Kuliah\\Kuliah Semester 4\\Rekayasa Perangkat Lunak\\Project-Apps\\vendor\\laravel\\framework\\src\\Illuminate\\Pipeline\\Pipeline.php(180): Illuminate\\Routing\\Middleware\\SubstituteBindings->handle(Object(Illuminate\\Http\\Request), Object(Closure))
#24 D:\\Kuliah\\Kuliah Semester 4\\Rekayasa Perangkat Lunak\\Project-Apps\\vendor\\laravel\\framework\\src\\Illuminate\\Routing\\Middleware\\ThrottleRequests.php(126): Illuminate\\Pipeline\\Pipeline->Illuminate\\Pipeline\\{closure}(Object(Illuminate\\Http\\Request))
#25 D:\\Kuliah\\Kuliah Semester 4\\Rekayasa Perangkat Lunak\\Project-Apps\\vendor\\laravel\\framework\\src\\Illuminate\\Routing\\Middleware\\ThrottleRequests.php(92): Illuminate\\Routing\\Middleware\\ThrottleRequests->handleRequest(Object(Illuminate\\Http\\Request), Object(Closure), Array)
#26 D:\\Kuliah\\Kuliah Semester 4\\Rekayasa Perangkat Lunak\\Project-Apps\\vendor\\laravel\\framework\\src\\Illuminate\\Routing\\Middleware\\ThrottleRequests.php(54): Illuminate\\Routing\\Middleware\\ThrottleRequests->handleRequestUsingNamedLimiter(Object(Illuminate\\Http\\Request), Object(Closure), 'api', Object(Closure))
#27 D:\\Kuliah\\Kuliah Semester 4\\Rekayasa Perangkat Lunak\\Project-Apps\\vendor\\laravel\\framework\\src\\Illuminate\\Pipeline\\Pipeline.php(180): Illuminate\\Routing\\Middleware\\ThrottleRequests->handle(Object(Illuminate\\Http\\Request), Object(Closure), 'api')
#28 D:\\Kuliah\\Kuliah Semester 4\\Rekayasa Perangkat Lunak\\Project-Apps\\vendor\\laravel\\framework\\src\\Illuminate\\Pipeline\\Pipeline.php(116): Illuminate\\Pipeline\\Pipeline->Illuminate\\Pipeline\\{closure}(Object(Illuminate\\Http\\Request))
#29 D:\\Kuliah\\Kuliah Semester 4\\Rekayasa Perangkat Lunak\\Project-Apps\\vendor\\laravel\\framework\\src\\Illuminate\\Routing\\Router.php(797): Illuminate\\Pipeline\\Pipeline->then(Object(Closure))
#30 D:\\Kuliah\\Kuliah Semester 4\\Rekayasa Perangkat Lunak\\Project-Apps\\vendor\\laravel\\framework\\src\\Illuminate\\Routing\\Router.php(776): Illuminate\\Routing\\Router->runRouteWithinStack(Object(Illuminate\\Routing\\Route), Object(Illuminate\\Http\\Request))
#31 D:\\Kuliah\\Kuliah Semester 4\\Rekayasa Perangkat Lunak\\Project-Apps\\vendor\\laravel\\framework\\src\\Illuminate\\Routing\\Router.php(740): Illuminate\\Routing\\Router->runRoute(Object(Illuminate\\Http\\Request), Object(Illuminate\\Routing\\Route))
#32 D:\\Kuliah\\Kuliah Semester 4\\Rekayasa Perangkat Lunak\\Project-Apps\\vendor\\laravel\\framework\\src\\Illuminate\\Routing\\Router.php(729): Illuminate\\Routing\\Router->dispatchToRoute(Object(Illuminate\\Http\\Request))
#33 D:\\Kuliah\\Kuliah Semester 4\\Rekayasa Perangkat Lunak\\Project-Apps\\vendor\\laravel\\framework\\src\\Illuminate\\Foundation\\Http\\Kernel.php(190): Illuminate\\Routing\\Router->dispatch(Object(Illuminate\\Http\\Request))
#34 D:\\Kuliah\\Kuliah Semester 4\\Rekayasa Perangkat Lunak\\Project-Apps\\vendor\\laravel\\framework\\src\\Illuminate\\Pipeline\\Pipeline.php(141): Illuminate\\Foundation\\Http\\Kernel->Illuminate\\Foundation\\Http\\{closure}(Object(Illuminate\\Http\\Request))
#35 D:\\Kuliah\\Kuliah Semester 4\\Rekayasa Perangkat Lunak\\Project-Apps\\vendor\\laravel\\framework\\src\\Illuminate\\Foundation\\Http\\Middleware\\TransformsRequest.php(21): Illuminate\\Pipeline\\Pipeline->Illuminate\\Pipeline\\{closure}(Object(Illuminate\\Http\\Request))
#36 D:\\Kuliah\\Kuliah Semester 4\\Rekayasa Perangkat Lunak\\Project-Apps\\vendor\\laravel\\framework\\src\\Illuminate\\Foundation\\Http\\Middleware\\ConvertEmptyStringsToNull.php(31): Illuminate\\Foundation\\Http\\Middleware\\TransformsRequest->handle(Object(Illuminate\\Http\\Request), Object(Closure))
#37 D:\\Kuliah\\Kuliah Semester 4\\Rekayasa Perangkat Lunak\\Project-Apps\\vendor\\laravel\\framework\\src\\Illuminate\\Pipeline\\Pipeline.php(180): Illuminate\\Foundation\\Http\\Middleware\\ConvertEmptyStringsToNull->handle(Object(Illuminate\\Http\\Request), Object(Closure))
#38 D:\\Kuliah\\Kuliah Semester 4\\Rekayasa Perangkat Lunak\\Project-Apps\\vendor\\laravel\\framework\\src\\Illuminate\\Foundation\\Http\\Middleware\\TransformsRequest.php(21): Illuminate\\Pipeline\\Pipeline->Illuminate\\Pipeline\\{closure}(Object(Illuminate\\Http\\Request))
#39 D:\\Kuliah\\Kuliah Semester 4\\Rekayasa Perangkat Lunak\\Project-Apps\\vendor\\laravel\\framework\\src\\Illuminate\\Foundation\\Http\\Middleware\\TrimStrings.php(40): Illuminate\\Foundation\\Http\\Middleware\\TransformsRequest->handle(Object(Illuminate\\Http\\Request), Object(Closure))
#40 D:\\Kuliah\\Kuliah Semester 4\\Rekayasa Perangkat Lunak\\Project-Apps\\vendor\\laravel\\framework\\src\\Illuminate\\Pipeline\\Pipeline.php(180): Illuminate\\Foundation\\Http\\Middleware\\TrimStrings->handle(Object(Illuminate\\Http\\Request), Object(Closure))
#41 D:\\Kuliah\\Kuliah Semester 4\\Rekayasa Perangkat Lunak\\Project-Apps\\vendor\\laravel\\framework\\src\\Illuminate\\Foundation\\Http\\Middleware\\ValidatePostSize.php(27): Illuminate\\Pipeline\\Pipeline->Illuminate\\Pipeline\\{closure}(Object(Illuminate\\Http\\Request))
#42 D:\\Kuliah\\Kuliah Semester 4\\Rekayasa Perangkat Lunak\\Project-Apps\\vendor\\laravel\\framework\\src\\Illuminate\\Pipeline\\Pipeline.php(180): Illuminate\\Foundation\\Http\\Middleware\\ValidatePostSize->handle(Object(Illuminate\\Http\\Request), Object(Closure))
#43 D:\\Kuliah\\Kuliah Semester 4\\Rekayasa Perangkat Lunak\\Project-Apps\\vendor\\laravel\\framework\\src\\Illuminate\\Foundation\\Http\\Middleware\\PreventRequestsDuringMaintenance.php(86): Illuminate\\Pipeline\\Pipeline->Illuminate\\Pipeline\\{closure}(Object(Illuminate\\Http\\Request))
#44 D:\\Kuliah\\Kuliah Semester 4\\Rekayasa Perangkat Lunak\\Project-Apps\\vendor\\laravel\\framework\\src\\Illuminate\\Pipeline\\Pipeline.php(180): Illuminate\\Foundation\\Http\\Middleware\\PreventRequestsDuringMaintenance->handle(Object(Illuminate\\Http\\Request), Object(Closure))
#45 D:\\Kuliah\\Kuliah Semester 4\\Rekayasa Perangkat Lunak\\Project-Apps\\vendor\\fruitcake\\laravel-cors\\src\\HandleCors.php(52): Illuminate\\Pipeline\\Pipeline->Illuminate\\Pipeline\\{closure}(Object(Illuminate\\Http\\Request))
#46 D:\\Kuliah\\Kuliah Semester 4\\Rekayasa Perangkat Lunak\\Project-Apps\\vendor\\laravel\\framework\\src\\Illuminate\\Pipeline\\Pipeline.php(180): Fruitcake\\Cors\\HandleCors->handle(Object(Illuminate\\Http\\Request), Object(Closure))
#47 D:\\Kuliah\\Kuliah Semester 4\\Rekayasa Perangkat Lunak\\Project-Apps\\vendor\\laravel\\framework\\src\\Illuminate\\Http\\Middleware\\TrustProxies.php(39): Illuminate\\Pipeline\\Pipeline->Illuminate\\Pipeline\\{closure}(Object(Illuminate\\Http\\Request))
#48 D:\\Kuliah\\Kuliah Semester 4\\Rekayasa Perangkat Lunak\\Project-Apps\\vendor\\laravel\\framework\\src\\Illuminate\\Pipeline\\Pipeline.php(180): Illuminate\\Http\\Middleware\\TrustProxies->handle(Object(Illuminate\\Http\\Request), Object(Closure))
#49 D:\\Kuliah\\Kuliah Semester 4\\Rekayasa Perangkat Lunak\\Project-Apps\\vendor\\laravel\\framework\\src\\Illuminate\\Pipeline\\Pipeline.php(116): Illuminate\\Pipeline\\Pipeline->Illuminate\\Pipeline\\{closure}(Object(Illuminate\\Http\\Request))
#50 D:\\Kuliah\\Kuliah Semester 4\\Rekayasa Perangkat Lunak\\Project-Apps\\vendor\\laravel\\framework\\src\\Illuminate\\Foundation\\Http\\Kernel.php(165): Illuminate\\Pipeline\\Pipeline->then(Object(Closure))
#51 D:\\Kuliah\\Kuliah Semester 4\\Rekayasa Perangkat Lunak\\Project-Apps\\vendor\\laravel\\framework\\src\\Illuminate\\Foundation\\Http\\Kernel.php(134): Illuminate\\Foundation\\Http\\Kernel->sendRequestThroughRouter(Object(Illuminate\\Http\\Request))
#52 D:\\Kuliah\\Kuliah Semester 4\\Rekayasa Perangkat Lunak\\Project-Apps\\public\\index.php(51): Illuminate\\Foundation\\Http\\Kernel->handle(Object(Illuminate\\Http\\Request))
#53 D:\\Kuliah\\Kuliah Semester 4\\Rekayasa Perangkat Lunak\\Project-Apps\\vendor\\laravel\\framework\\src\\Illuminate\\Foundation\\resources\\server.php(16): require_once('D:\\\\Kuliah\\\\Kulia...')
#54 {main}
"} 
[2026-06-03 23:41:06] local.ERROR: SQLSTATE[42S22]: Column not found: 1054 Unknown column 'expires_at' in 'field list' (SQL: insert into `personal_access_tokens` (`name`, `token`, `abilities`, `expires_at`, `tokenable_id`, `tokenable_type`, `updated_at`, `created_at`) values (auth_token, 4c5ca04917057b9ce78fcf4073abfc48981c51adf8e865e1bbd5fe42e824893c, ["*"], ?, 1, App\Models\User, 2026-06-03 23:41:06, 2026-06-03 23:41:06)) {"exception":"[object] (Illuminate\\Database\\QueryException(code: 42S22): SQLSTATE[42S22]: Column not found: 1054 Unknown column 'expires_at' in 'field list' (SQL: insert into `personal_access_tokens` (`name`, `token`, `abilities`, `expires_at`, `tokenable_id`, `tokenable_type`, `updated_at`, `created_at`) values (auth_token, 4c5ca04917057b9ce78fcf4073abfc48981c51adf8e865e1bbd5fe42e824893c, [\"*\"], ?, 1, App\\Models\\User, 2026-06-03 23:41:06, 2026-06-03 23:41:06)) at D:\\Kuliah\\Kuliah Semester 4\\Rekayasa Perangkat Lunak\\Project-Apps\\vendor\\laravel\\framework\\src\\Illuminate\\Database\\Connection.php:760)
[stacktrace]
#0 D:\\Kuliah\\Kuliah Semester 4\\Rekayasa Perangkat Lunak\\Project-Apps\\vendor\\laravel\\framework\\src\\Illuminate\\Database\\Connection.php(720): Illuminate\\Database\\Connection->runQueryCallback('insert into `pe...', Array, Object(Closure))
#1 D:\\Kuliah\\Kuliah Semester 4\\Rekayasa Perangkat Lunak\\Project-Apps\\vendor\\laravel\\framework\\src\\Illuminate\\Database\\Connection.php(534): Illuminate\\Database\\Connection->run('insert into `pe...', Array, Object(Closure))
#2 D:\\Kuliah\\Kuliah Semester 4\\Rekayasa Perangkat Lunak\\Project-Apps\\vendor\\laravel\\framework\\src\\Illuminate\\Database\\Connection.php(498): Illuminate\\Database\\Connection->statement('insert into `pe...', Array)
#3 D:\\Kuliah\\Kuliah Semester 4\\Rekayasa Perangkat Lunak\\Project-Apps\\vendor\\laravel\\framework\\src\\Illuminate\\Database\\Query\\Processors\\Processor.php(32): Illuminate\\Database\\Connection->insert('insert into `pe...', Array)
#4 D:\\Kuliah\\Kuliah Semester 4\\Rekayasa Perangkat Lunak\\Project-Apps\\vendor\\laravel\\framework\\src\\Illuminate\\Database\\Query\\Builder.php(3322): Illuminate\\Database\\Query\\Processors\\Processor->processInsertGetId(Object(Illuminate\\Database\\Query\\Builder), 'insert into `pe...', Array, 'id')
#5 D:\\Kuliah\\Kuliah Semester 4\\Rekayasa Perangkat Lunak\\Project-Apps\\vendor\\laravel\\framework\\src\\Illuminate\\Database\\Eloquent\\Builder.php(1869): Illuminate\\Database\\Query\\Builder->insertGetId(Array, 'id')
#6 D:\\Kuliah\\Kuliah Semester 4\\Rekayasa Perangkat Lunak\\Project-Apps\\vendor\\laravel\\framework\\src\\Illuminate\\Database\\Eloquent\\Model.php(1330): Illuminate\\Database\\Eloquent\\Builder->__call('insertGetId', Array)
#7 D:\\Kuliah\\Kuliah Semester 4\\Rekayasa Perangkat Lunak\\Project-Apps\\vendor\\laravel\\framework\\src\\Illuminate\\Database\\Eloquent\\Model.php(1295): Illuminate\\Database\\Eloquent\\Model->insertAndSetId(Object(Illuminate\\Database\\Eloquent\\Builder), Array)
#8 D:\\Kuliah\\Kuliah Semester 4\\Rekayasa Perangkat Lunak\\Project-Apps\\vendor\\laravel\\framework\\src\\Illuminate\\Database\\Eloquent\\Model.php(1138): Illuminate\\Database\\Eloquent\\Model->performInsert(Object(Illuminate\\Database\\Eloquent\\Builder))
#9 D:\\Kuliah\\Kuliah Semester 4\\Rekayasa Perangkat Lunak\\Project-Apps\\vendor\\laravel\\framework\\src\\Illuminate\\Database\\Eloquent\\Relations\\HasOneOrMany.php(322): Illuminate\\Database\\Eloquent\\Model->save()
#10 D:\\Kuliah\\Kuliah Semester 4\\Rekayasa Perangkat Lunak\\Project-Apps\\vendor\\laravel\\framework\\src\\Illuminate\\Support\\helpers.php(319): Illuminate\\Database\\Eloquent\\Relations\\HasOneOrMany->Illuminate\\Database\\Eloquent\\Relations\\{closure}(Object(Laravel\\Sanctum\\PersonalAccessToken))
#11 D:\\Kuliah\\Kuliah Semester 4\\Rekayasa Perangkat Lunak\\Project-Apps\\vendor\\laravel\\framework\\src\\Illuminate\\Database\\Eloquent\\Relations\\HasOneOrMany.php(319): tap(Object(Laravel\\Sanctum\\PersonalAccessToken), Object(Closure))
#12 D:\\Kuliah\\Kuliah Semester 4\\Rekayasa Perangkat Lunak\\Project-Apps\\vendor\\laravel\\sanctum\\src\\HasApiTokens.php(50): Illuminate\\Database\\Eloquent\\Relations\\HasOneOrMany->create(Array)
#13 D:\\Kuliah\\Kuliah Semester 4\\Rekayasa Perangkat Lunak\\Project-Apps\\app\\Http\\Controllers\\Api\\AuthController.php(28): App\\Models\\User->createToken('auth_token')
#14 D:\\Kuliah\\Kuliah Semester 4\\Rekayasa Perangkat Lunak\\Project-Apps\\vendor\\laravel\\framework\\src\\Illuminate\\Routing\\Controller.php(54): App\\Http\\Controllers\\Api\\AuthController->register(Object(Illuminate\\Http\\Request))
#15 D:\\Kuliah\\Kuliah Semester 4\\Rekayasa Perangkat Lunak\\Project-Apps\\vendor\\laravel\\framework\\src\\Illuminate\\Routing\\ControllerDispatcher.php(43): Illuminate\\Routing\\Controller->callAction('register', Array)
#16 D:\\Kuliah\\Kuliah Semester 4\\Rekayasa Perangkat Lunak\\Project-Apps\\vendor\\laravel\\framework\\src\\Illuminate\\Routing\\Route.php(259): Illuminate\\Routing\\ControllerDispatcher->dispatch(Object(Illuminate\\Routing\\Route), Object(App\\Http\\Controllers\\Api\\AuthController), 'register')
#17 D:\\Kuliah\\Kuliah Semester 4\\Rekayasa Perangkat Lunak\\Project-Apps\\vendor\\laravel\\framework\\src\\Illuminate\\Routing\\Route.php(205): Illuminate\\Routing\\Route->runController()
#18 D:\\Kuliah\\Kuliah Semester 4\\Rekayasa Perangkat Lunak\\Project-Apps\\vendor\\laravel\\framework\\src\\Illuminate\\Routing\\Router.php(798): Illuminate\\Routing\\Route->run()
#19 D:\\Kuliah\\Kuliah Semester 4\\Rekayasa Perangkat Lunak\\Project-Apps\\vendor\\laravel\\framework\\src\\Illuminate\\Pipeline\\Pipeline.php(141): Illuminate\\Routing\\Router->Illuminate\\Routing\\{closure}(Object(Illuminate\\Http\\Request))
#20 D:\\Kuliah\\Kuliah Semester 4\\Rekayasa Perangkat Lunak\\Project-Apps\\vendor\\laravel\\framework\\src\\Illuminate\\Routing\\Middleware\\SubstituteBindings.php(50): Illuminate\\Pipeline\\Pipeline->Illuminate\\Pipeline\\{closure}(Object(Illuminate\\Http\\Request))
#21 D:\\Kuliah\\Kuliah Semester 4\\Rekayasa Perangkat Lunak\\Project-Apps\\vendor\\laravel\\framework\\src\\Illuminate\\Pipeline\\Pipeline.php(180): Illuminate\\Routing\\Middleware\\SubstituteBindings->handle(Object(Illuminate\\Http\\Request), Object(Closure))
#22 D:\\Kuliah\\Kuliah Semester 4\\Rekayasa Perangkat Lunak\\Project-Apps\\vendor\\laravel\\framework\\src\\Illuminate\\Routing\\Middleware\\ThrottleRequests.php(126): Illuminate\\Pipeline\\Pipeline->Illuminate\\Pipeline\\{closure}(Object(Illuminate\\Http\\Request))
#23 D:\\Kuliah\\Kuliah Semester 4\\Rekayasa Perangkat Lunak\\Project-Apps\\vendor\\laravel\\framework\\src\\Illuminate\\Routing\\Middleware\\ThrottleRequests.php(92): Illuminate\\Routing\\Middleware\\ThrottleRequests->handleRequest(Object(Illuminate\\Http\\Request), Object(Closure), Array)
#24 D:\\Kuliah\\Kuliah Semester 4\\Rekayasa Perangkat Lunak\\Project-Apps\\vendor\\laravel\\framework\\src\\Illuminate\\Routing\\Middleware\\ThrottleRequests.php(54): Illuminate\\Routing\\Middleware\\ThrottleRequests->handleRequestUsingNamedLimiter(Object(Illuminate\\Http\\Request), Object(Closure), 'api', Object(Closure))
#25 D:\\Kuliah\\Kuliah Semester 4\\Rekayasa Perangkat Lunak\\Project-Apps\\vendor\\laravel\\framework\\src\\Illuminate\\Pipeline\\Pipeline.php(180): Illuminate\\Routing\\Middleware\\ThrottleRequests->handle(Object(Illuminate\\Http\\Request), Object(Closure), 'api')
#26 D:\\Kuliah\\Kuliah Semester 4\\Rekayasa Perangkat Lunak\\Project-Apps\\vendor\\laravel\\framework\\src\\Illuminate\\Pipeline\\Pipeline.php(116): Illuminate\\Pipeline\\Pipeline->Illuminate\\Pipeline\\{closure}(Object(Illuminate\\Http\\Request))
#27 D:\\Kuliah\\Kuliah Semester 4\\Rekayasa Perangkat Lunak\\Project-Apps\\vendor\\laravel\\framework\\src\\Illuminate\\Routing\\Router.php(797): Illuminate\\Pipeline\\Pipeline->then(Object(Closure))
#28 D:\\Kuliah\\Kuliah Semester 4\\Rekayasa Perangkat Lunak\\Project-Apps\\vendor\\laravel\\framework\\src\\Illuminate\\Routing\\Router.php(776): Illuminate\\Routing\\Router->runRouteWithinStack(Object(Illuminate\\Routing\\Route), Object(Illuminate\\Http\\Request))
#29 D:\\Kuliah\\Kuliah Semester 4\\Rekayasa Perangkat Lunak\\Project-Apps\\vendor\\laravel\\framework\\src\\Illuminate\\Routing\\Router.php(740): Illuminate\\Routing\\Router->runRoute(Object(Illuminate\\Http\\Request), Object(Illuminate\\Routing\\Route))
#30 D:\\Kuliah\\Kuliah Semester 4\\Rekayasa Perangkat Lunak\\Project-Apps\\vendor\\laravel\\framework\\src\\Illuminate\\Routing\\Router.php(729): Illuminate\\Routing\\Router->dispatchToRoute(Object(Illuminate\\Http\\Request))
#31 D:\\Kuliah\\Kuliah Semester 4\\Rekayasa Perangkat Lunak\\Project-Apps\\vendor\\laravel\\framework\\src\\Illuminate\\Foundation\\Http\\Kernel.php(190): Illuminate\\Routing\\Router->dispatch(Object(Illuminate\\Http\\Request))
#32 D:\\Kuliah\\Kuliah Semester 4\\Rekayasa Perangkat Lunak\\Project-Apps\\vendor\\laravel\\framework\\src\\Illuminate\\Pipeline\\Pipeline.php(141): Illuminate\\Foundation\\Http\\Kernel->Illuminate\\Foundation\\Http\\{closure}(Object(Illuminate\\Http\\Request))
#33 D:\\Kuliah\\Kuliah Semester 4\\Rekayasa Perangkat Lunak\\Project-Apps\\vendor\\laravel\\framework\\src\\Illuminate\\Foundation\\Http\\Middleware\\TransformsRequest.php(21): Illuminate\\Pipeline\\Pipeline->Illuminate\\Pipeline\\{closure}(Object(Illuminate\\Http\\Request))
#34 D:\\Kuliah\\Kuliah Semester 4\\Rekayasa Perangkat Lunak\\Project-Apps\\vendor\\laravel\\framework\\src\\Illuminate\\Foundation\\Http\\Middleware\\ConvertEmptyStringsToNull.php(31): Illuminate\\Foundation\\Http\\Middleware\\TransformsRequest->handle(Object(Illuminate\\Http\\Request), Object(Closure))
#35 D:\\Kuliah\\Kuliah Semester 4\\Rekayasa Perangkat Lunak\\Project-Apps\\vendor\\laravel\\framework\\src\\Illuminate\\Pipeline\\Pipeline.php(180): Illuminate\\Foundation\\Http\\Middleware\\ConvertEmptyStringsToNull->handle(Object(Illuminate\\Http\\Request), Object(Closure))
#36 D:\\Kuliah\\Kuliah Semester 4\\Rekayasa Perangkat Lunak\\Project-Apps\\vendor\\laravel\\framework\\src\\Illuminate\\Foundation\\Http\\Middleware\\TransformsRequest.php(21): Illuminate\\Pipeline\\Pipeline->Illuminate\\Pipeline\\{closure}(Object(Illuminate\\Http\\Request))
#37 D:\\Kuliah\\Kuliah Semester 4\\Rekayasa Perangkat Lunak\\Project-Apps\\vendor\\laravel\\framework\\src\\Illuminate\\Foundation\\Http\\Middleware\\TrimStrings.php(40): Illuminate\\Foundation\\Http\\Middleware\\TransformsRequest->handle(Object(Illuminate\\Http\\Request), Object(Closure))
#38 D:\\Kuliah\\Kuliah Semester 4\\Rekayasa Perangkat Lunak\\Project-Apps\\vendor\\laravel\\framework\\src\\Illuminate\\Pipeline\\Pipeline.php(180): Illuminate\\Foundation\\Http\\Middleware\\TrimStrings->handle(Object(Illuminate\\Http\\Request), Object(Closure))
#39 D:\\Kuliah\\Kuliah Semester 4\\Rekayasa Perangkat Lunak\\Project-Apps\\vendor\\laravel\\framework\\src\\Illuminate\\Foundation\\Http\\Middleware\\ValidatePostSize.php(27): Illuminate\\Pipeline\\Pipeline->Illuminate\\Pipeline\\{closure}(Object(Illuminate\\Http\\Request))
#40 D:\\Kuliah\\Kuliah Semester 4\\Rekayasa Perangkat Lunak\\Project-Apps\\vendor\\laravel\\framework\\src\\Illuminate\\Pipeline\\Pipeline.php(180): Illuminate\\Foundation\\Http\\Middleware\\ValidatePostSize->handle(Object(Illuminate\\Http\\Request), Object(Closure))
#41 D:\\Kuliah\\Kuliah Semester 4\\Rekayasa Perangkat Lunak\\Project-Apps\\vendor\\laravel\\framework\\src\\Illuminate\\Foundation\\Http\\Middleware\\PreventRequestsDuringMaintenance.php(86): Illuminate\\Pipeline\\Pipeline->Illuminate\\Pipeline\\{closure}(Object(Illuminate\\Http\\Request))
#42 D:\\Kuliah\\Kuliah Semester 4\\Rekayasa Perangkat Lunak\\Project-Apps\\vendor\\laravel\\framework\\src\\Illuminate\\Pipeline\\Pipeline.php(180): Illuminate\\Foundation\\Http\\Middleware\\PreventRequestsDuringMaintenance->handle(Object(Illuminate\\Http\\Request), Object(Closure))
#43 D:\\Kuliah\\Kuliah Semester 4\\Rekayasa Perangkat Lunak\\Project-Apps\\vendor\\fruitcake\\laravel-cors\\src\\HandleCors.php(52): Illuminate\\Pipeline\\Pipeline->Illuminate\\Pipeline\\{closure}(Object(Illuminate\\Http\\Request))
#44 D:\\Kuliah\\Kuliah Semester 4\\Rekayasa Perangkat Lunak\\Project-Apps\\vendor\\laravel\\framework\\src\\Illuminate\\Pipeline\\Pipeline.php(180): Fruitcake\\Cors\\HandleCors->handle(Object(Illuminate\\Http\\Request), Object(Closure))
#45 D:\\Kuliah\\Kuliah Semester 4\\Rekayasa Perangkat Lunak\\Project-Apps\\vendor\\laravel\\framework\\src\\Illuminate\\Http\\Middleware\\TrustProxies.php(39): Illuminate\\Pipeline\\Pipeline->Illuminate\\Pipeline\\{closure}(Object(Illuminate\\Http\\Request))
#46 D:\\Kuliah\\Kuliah Semester 4\\Rekayasa Perangkat Lunak\\Project-Apps\\vendor\\laravel\\framework\\src\\Illuminate\\Pipeline\\Pipeline.php(180): Illuminate\\Http\\Middleware\\TrustProxies->handle(Object(Illuminate\\Http\\Request), Object(Closure))
#47 D:\\Kuliah\\Kuliah Semester 4\\Rekayasa Perangkat Lunak\\Project-Apps\\vendor\\laravel\\framework\\src\\Illuminate\\Pipeline\\Pipeline.php(116): Illuminate\\Pipeline\\Pipeline->Illuminate\\Pipeline\\{closure}(Object(Illuminate\\Http\\Request))
#48 D:\\Kuliah\\Kuliah Semester 4\\Rekayasa Perangkat Lunak\\Project-Apps\\vendor\\laravel\\framework\\src\\Illuminate\\Foundation\\Http\\Kernel.php(165): Illuminate\\Pipeline\\Pipeline->then(Object(Closure))
#49 D:\\Kuliah\\Kuliah Semester 4\\Rekayasa Perangkat Lunak\\Project-Apps\\vendor\\laravel\\framework\\src\\Illuminate\\Foundation\\Http\\Kernel.php(134): Illuminate\\Foundation\\Http\\Kernel->sendRequestThroughRouter(Object(Illuminate\\Http\\Request))
#50 D:\\Kuliah\\Kuliah Semester 4\\Rekayasa Perangkat Lunak\\Project-Apps\\public\\index.php(51): Illuminate\\Foundation\\Http\\Kernel->handle(Object(Illuminate\\Http\\Request))
#51 D:\\Kuliah\\Kuliah Semester 4\\Rekayasa Perangkat Lunak\\Project-Apps\\vendor\\laravel\\framework\\src\\Illuminate\\Foundation\\resources\\server.php(16): require_once('D:\\\\Kuliah\\\\Kulia...')
#52 {main}

[previous exception] [object] (PDOException(code: 42S22): SQLSTATE[42S22]: Column not found: 1054 Unknown column 'expires_at' in 'field list' at D:\\Kuliah\\Kuliah Semester 4\\Rekayasa Perangkat Lunak\\Project-Apps\\vendor\\laravel\\framework\\src\\Illuminate\\Database\\Connection.php:539)
[stacktrace]
#0 D:\\Kuliah\\Kuliah Semester 4\\Rekayasa Perangkat Lunak\\Project-Apps\\vendor\\laravel\\framework\\src\\Illuminate\\Database\\Connection.php(539): PDO->prepare('insert into `pe...')
#1 D:\\Kuliah\\Kuliah Semester 4\\Rekayasa Perangkat Lunak\\Project-Apps\\vendor\\laravel\\framework\\src\\Illuminate\\Database\\Connection.php(753): Illuminate\\Database\\Connection->Illuminate\\Database\\{closure}('insert into `pe...', Array)
#2 D:\\Kuliah\\Kuliah Semester 4\\Rekayasa Perangkat Lunak\\Project-Apps\\vendor\\laravel\\framework\\src\\Illuminate\\Database\\Connection.php(720): Illuminate\\Database\\Connection->runQueryCallback('insert into `pe...', Array, Object(Closure))
#3 D:\\Kuliah\\Kuliah Semester 4\\Rekayasa Perangkat Lunak\\Project-Apps\\vendor\\laravel\\framework\\src\\Illuminate\\Database\\Connection.php(534): Illuminate\\Database\\Connection->run('insert into `pe...', Array, Object(Closure))
#4 D:\\Kuliah\\Kuliah Semester 4\\Rekayasa Perangkat Lunak\\Project-Apps\\vendor\\laravel\\framework\\src\\Illuminate\\Database\\Connection.php(498): Illuminate\\Database\\Connection->statement('insert into `pe...', Array)
#5 D:\\Kuliah\\Kuliah Semester 4\\Rekayasa Perangkat Lunak\\Project-Apps\\vendor\\laravel\\framework\\src\\Illuminate\\Database\\Query\\Processors\\Processor.php(32): Illuminate\\Database\\Connection->insert('insert into `pe...', Array)
#6 D:\\Kuliah\\Kuliah Semester 4\\Rekayasa Perangkat Lunak\\Project-Apps\\vendor\\laravel\\framework\\src\\Illuminate\\Database\\Query\\Builder.php(3322): Illuminate\\Database\\Query\\Processors\\Processor->processInsertGetId(Object(Illuminate\\Database\\Query\\Builder), 'insert into `pe...', Array, 'id')
#7 D:\\Kuliah\\Kuliah Semester 4\\Rekayasa Perangkat Lunak\\Project-Apps\\vendor\\laravel\\framework\\src\\Illuminate\\Database\\Eloquent\\Builder.php(1869): Illuminate\\Database\\Query\\Builder->insertGetId(Array, 'id')
#8 D:\\Kuliah\\Kuliah Semester 4\\Rekayasa Perangkat Lunak\\Project-Apps\\vendor\\laravel\\framework\\src\\Illuminate\\Database\\Eloquent\\Model.php(1330): Illuminate\\Database\\Eloquent\\Builder->__call('insertGetId', Array)
#9 D:\\Kuliah\\Kuliah Semester 4\\Rekayasa Perangkat Lunak\\Project-Apps\\vendor\\laravel\\framework\\src\\Illuminate\\Database\\Eloquent\\Model.php(1295): Illuminate\\Database\\Eloquent\\Model->insertAndSetId(Object(Illuminate\\Database\\Eloquent\\Builder), Array)
#10 D:\\Kuliah\\Kuliah Semester 4\\Rekayasa Perangkat Lunak\\Project-Apps\\vendor\\laravel\\framework\\src\\Illuminate\\Database\\Eloquent\\Model.php(1138): Illuminate\\Database\\Eloquent\\Model->performInsert(Object(Illuminate\\Database\\Eloquent\\Builder))
#11 D:\\Kuliah\\Kuliah Semester 4\\Rekayasa Perangkat Lunak\\Project-Apps\\vendor\\laravel\\framework\\src\\Illuminate\\Database\\Eloquent\\Relations\\HasOneOrMany.php(322): Illuminate\\Database\\Eloquent\\Model->save()
#12 D:\\Kuliah\\Kuliah Semester 4\\Rekayasa Perangkat Lunak\\Project-Apps\\vendor\\laravel\\framework\\src\\Illuminate\\Support\\helpers.php(319): Illuminate\\Database\\Eloquent\\Relations\\HasOneOrMany->Illuminate\\Database\\Eloquent\\Relations\\{closure}(Object(Laravel\\Sanctum\\PersonalAccessToken))
#13 D:\\Kuliah\\Kuliah Semester 4\\Rekayasa Perangkat Lunak\\Project-Apps\\vendor\\laravel\\framework\\src\\Illuminate\\Database\\Eloquent\\Relations\\HasOneOrMany.php(319): tap(Object(Laravel\\Sanctum\\PersonalAccessToken), Object(Closure))
#14 D:\\Kuliah\\Kuliah Semester 4\\Rekayasa Perangkat Lunak\\Project-Apps\\vendor\\laravel\\sanctum\\src\\HasApiTokens.php(50): Illuminate\\Database\\Eloquent\\Relations\\HasOneOrMany->create(Array)
#15 D:\\Kuliah\\Kuliah Semester 4\\Rekayasa Perangkat Lunak\\Project-Apps\\app\\Http\\Controllers\\Api\\AuthController.php(28): App\\Models\\User->createToken('auth_token')
#16 D:\\Kuliah\\Kuliah Semester 4\\Rekayasa Perangkat Lunak\\Project-Apps\\vendor\\laravel\\framework\\src\\Illuminate\\Routing\\Controller.php(54): App\\Http\\Controllers\\Api\\AuthController->register(Object(Illuminate\\Http\\Request))
#17 D:\\Kuliah\\Kuliah Semester 4\\Rekayasa Perangkat Lunak\\Project-Apps\\vendor\\laravel\\framework\\src\\Illuminate\\Routing\\ControllerDispatcher.php(43): Illuminate\\Routing\\Controller->callAction('register', Array)
#18 D:\\Kuliah\\Kuliah Semester 4\\Rekayasa Perangkat Lunak\\Project-Apps\\vendor\\laravel\\framework\\src\\Illuminate\\Routing\\Route.php(259): Illuminate\\Routing\\ControllerDispatcher->dispatch(Object(Illuminate\\Routing\\Route), Object(App\\Http\\Controllers\\Api\\AuthController), 'register')
#19 D:\\Kuliah\\Kuliah Semester 4\\Rekayasa Perangkat Lunak\\Project-Apps\\vendor\\laravel\\framework\\src\\Illuminate\\Routing\\Route.php(205): Illuminate\\Routing\\Route->runController()
#20 D:\\Kuliah\\Kuliah Semester 4\\Rekayasa Perangkat Lunak\\Project-Apps\\vendor\\laravel\\framework\\src\\Illuminate\\Routing\\Router.php(798): Illuminate\\Routing\\Route->run()
#21 D:\\Kuliah\\Kuliah Semester 4\\Rekayasa Perangkat Lunak\\Project-Apps\\vendor\\laravel\\framework\\src\\Illuminate\\Pipeline\\Pipeline.php(141): Illuminate\\Routing\\Router->Illuminate\\Routing\\{closure}(Object(Illuminate\\Http\\Request))
#22 D:\\Kuliah\\Kuliah Semester 4\\Rekayasa Perangkat Lunak\\Project-Apps\\vendor\\laravel\\framework\\src\\Illuminate\\Routing\\Middleware\\SubstituteBindings.php(50): Illuminate\\Pipeline\\Pipeline->Illuminate\\Pipeline\\{closure}(Object(Illuminate\\Http\\Request))
#23 D:\\Kuliah\\Kuliah Semester 4\\Rekayasa Perangkat Lunak\\Project-Apps\\vendor\\laravel\\framework\\src\\Illuminate\\Pipeline\\Pipeline.php(180): Illuminate\\Routing\\Middleware\\SubstituteBindings->handle(Object(Illuminate\\Http\\Request), Object(Closure))
#24 D:\\Kuliah\\Kuliah Semester 4\\Rekayasa Perangkat Lunak\\Project-Apps\\vendor\\laravel\\framework\\src\\Illuminate\\Routing\\Middleware\\ThrottleRequests.php(126): Illuminate\\Pipeline\\Pipeline->Illuminate\\Pipeline\\{closure}(Object(Illuminate\\Http\\Request))
#25 D:\\Kuliah\\Kuliah Semester 4\\Rekayasa Perangkat Lunak\\Project-Apps\\vendor\\laravel\\framework\\src\\Illuminate\\Routing\\Middleware\\ThrottleRequests.php(92): Illuminate\\Routing\\Middleware\\ThrottleRequests->handleRequest(Object(Illuminate\\Http\\Request), Object(Closure), Array)
#26 D:\\Kuliah\\Kuliah Semester 4\\Rekayasa Perangkat Lunak\\Project-Apps\\vendor\\laravel\\framework\\src\\Illuminate\\Routing\\Middleware\\ThrottleRequests.php(54): Illuminate\\Routing\\Middleware\\ThrottleRequests->handleRequestUsingNamedLimiter(Object(Illuminate\\Http\\Request), Object(Closure), 'api', Object(Closure))
#27 D:\\Kuliah\\Kuliah Semester 4\\Rekayasa Perangkat Lunak\\Project-Apps\\vendor\\laravel\\framework\\src\\Illuminate\\Pipeline\\Pipeline.php(180): Illuminate\\Routing\\Middleware\\ThrottleRequests->handle(Object(Illuminate\\Http\\Request), Object(Closure), 'api')
#28 D:\\Kuliah\\Kuliah Semester 4\\Rekayasa Perangkat Lunak\\Project-Apps\\vendor\\laravel\\framework\\src\\Illuminate\\Pipeline\\Pipeline.php(116): Illuminate\\Pipeline\\Pipeline->Illuminate\\Pipeline\\{closure}(Object(Illuminate\\Http\\Request))
#29 D:\\Kuliah\\Kuliah Semester 4\\Rekayasa Perangkat Lunak\\Project-Apps\\vendor\\laravel\\framework\\src\\Illuminate\\Routing\\Router.php(797): Illuminate\\Pipeline\\Pipeline->then(Object(Closure))
#30 D:\\Kuliah\\Kuliah Semester 4\\Rekayasa Perangkat Lunak\\Project-Apps\\vendor\\laravel\\framework\\src\\Illuminate\\Routing\\Router.php(776): Illuminate\\Routing\\Router->runRouteWithinStack(Object(Illuminate\\Routing\\Route), Object(Illuminate\\Http\\Request))
#31 D:\\Kuliah\\Kuliah Semester 4\\Rekayasa Perangkat Lunak\\Project-Apps\\vendor\\laravel\\framework\\src\\Illuminate\\Routing\\Router.php(740): Illuminate\\Routing\\Router->runRoute(Object(Illuminate\\Http\\Request), Object(Illuminate\\Routing\\Route))
#32 D:\\Kuliah\\Kuliah Semester 4\\Rekayasa Perangkat Lunak\\Project-Apps\\vendor\\laravel\\framework\\src\\Illuminate\\Routing\\Router.php(729): Illuminate\\Routing\\Router->dispatchToRoute(Object(Illuminate\\Http\\Request))
#33 D:\\Kuliah\\Kuliah Semester 4\\Rekayasa Perangkat Lunak\\Project-Apps\\vendor\\laravel\\framework\\src\\Illuminate\\Foundation\\Http\\Kernel.php(190): Illuminate\\Routing\\Router->dispatch(Object(Illuminate\\Http\\Request))
#34 D:\\Kuliah\\Kuliah Semester 4\\Rekayasa Perangkat Lunak\\Project-Apps\\vendor\\laravel\\framework\\src\\Illuminate\\Pipeline\\Pipeline.php(141): Illuminate\\Foundation\\Http\\Kernel->Illuminate\\Foundation\\Http\\{closure}(Object(Illuminate\\Http\\Request))
#35 D:\\Kuliah\\Kuliah Semester 4\\Rekayasa Perangkat Lunak\\Project-Apps\\vendor\\laravel\\framework\\src\\Illuminate\\Foundation\\Http\\Middleware\\TransformsRequest.php(21): Illuminate\\Pipeline\\Pipeline->Illuminate\\Pipeline\\{closure}(Object(Illuminate\\Http\\Request))
#36 D:\\Kuliah\\Kuliah Semester 4\\Rekayasa Perangkat Lunak\\Project-Apps\\vendor\\laravel\\framework\\src\\Illuminate\\Foundation\\Http\\Middleware\\ConvertEmptyStringsToNull.php(31): Illuminate\\Foundation\\Http\\Middleware\\TransformsRequest->handle(Object(Illuminate\\Http\\Request), Object(Closure))
#37 D:\\Kuliah\\Kuliah Semester 4\\Rekayasa Perangkat Lunak\\Project-Apps\\vendor\\laravel\\framework\\src\\Illuminate\\Pipeline\\Pipeline.php(180): Illuminate\\Foundation\\Http\\Middleware\\ConvertEmptyStringsToNull->handle(Object(Illuminate\\Http\\Request), Object(Closure))
#38 D:\\Kuliah\\Kuliah Semester 4\\Rekayasa Perangkat Lunak\\Project-Apps\\vendor\\laravel\\framework\\src\\Illuminate\\Foundation\\Http\\Middleware\\TransformsRequest.php(21): Illuminate\\Pipeline\\Pipeline->Illuminate\\Pipeline\\{closure}(Object(Illuminate\\Http\\Request))
#39 D:\\Kuliah\\Kuliah Semester 4\\Rekayasa Perangkat Lunak\\Project-Apps\\vendor\\laravel\\framework\\src\\Illuminate\\Foundation\\Http\\Middleware\\TrimStrings.php(40): Illuminate\\Foundation\\Http\\Middleware\\TransformsRequest->handle(Object(Illuminate\\Http\\Request), Object(Closure))
#40 D:\\Kuliah\\Kuliah Semester 4\\Rekayasa Perangkat Lunak\\Project-Apps\\vendor\\laravel\\framework\\src\\Illuminate\\Pipeline\\Pipeline.php(180): Illuminate\\Foundation\\Http\\Middleware\\TrimStrings->handle(Object(Illuminate\\Http\\Request), Object(Closure))
#41 D:\\Kuliah\\Kuliah Semester 4\\Rekayasa Perangkat Lunak\\Project-Apps\\vendor\\laravel\\framework\\src\\Illuminate\\Foundation\\Http\\Middleware\\ValidatePostSize.php(27): Illuminate\\Pipeline\\Pipeline->Illuminate\\Pipeline\\{closure}(Object(Illuminate\\Http\\Request))
#42 D:\\Kuliah\\Kuliah Semester 4\\Rekayasa Perangkat Lunak\\Project-Apps\\vendor\\laravel\\framework\\src\\Illuminate\\Pipeline\\Pipeline.php(180): Illuminate\\Foundation\\Http\\Middleware\\ValidatePostSize->handle(Object(Illuminate\\Http\\Request), Object(Closure))
#43 D:\\Kuliah\\Kuliah Semester 4\\Rekayasa Perangkat Lunak\\Project-Apps\\vendor\\laravel\\framework\\src\\Illuminate\\Foundation\\Http\\Middleware\\PreventRequestsDuringMaintenance.php(86): Illuminate\\Pipeline\\Pipeline->Illuminate\\Pipeline\\{closure}(Object(Illuminate\\Http\\Request))
#44 D:\\Kuliah\\Kuliah Semester 4\\Rekayasa Perangkat Lunak\\Project-Apps\\vendor\\laravel\\framework\\src\\Illuminate\\Pipeline\\Pipeline.php(180): Illuminate\\Foundation\\Http\\Middleware\\PreventRequestsDuringMaintenance->handle(Object(Illuminate\\Http\\Request), Object(Closure))
#45 D:\\Kuliah\\Kuliah Semester 4\\Rekayasa Perangkat Lunak\\Project-Apps\\vendor\\fruitcake\\laravel-cors\\src\\HandleCors.php(52): Illuminate\\Pipeline\\Pipeline->Illuminate\\Pipeline\\{closure}(Object(Illuminate\\Http\\Request))
#46 D:\\Kuliah\\Kuliah Semester 4\\Rekayasa Perangkat Lunak\\Project-Apps\\vendor\\laravel\\framework\\src\\Illuminate\\Pipeline\\Pipeline.php(180): Fruitcake\\Cors\\HandleCors->handle(Object(Illuminate\\Http\\Request), Object(Closure))
#47 D:\\Kuliah\\Kuliah Semester 4\\Rekayasa Perangkat Lunak\\Project-Apps\\vendor\\laravel\\framework\\src\\Illuminate\\Http\\Middleware\\TrustProxies.php(39): Illuminate\\Pipeline\\Pipeline->Illuminate\\Pipeline\\{closure}(Object(Illuminate\\Http\\Request))
#48 D:\\Kuliah\\Kuliah Semester 4\\Rekayasa Perangkat Lunak\\Project-Apps\\vendor\\laravel\\framework\\src\\Illuminate\\Pipeline\\Pipeline.php(180): Illuminate\\Http\\Middleware\\TrustProxies->handle(Object(Illuminate\\Http\\Request), Object(Closure))
#49 D:\\Kuliah\\Kuliah Semester 4\\Rekayasa Perangkat Lunak\\Project-Apps\\vendor\\laravel\\framework\\src\\Illuminate\\Pipeline\\Pipeline.php(116): Illuminate\\Pipeline\\Pipeline->Illuminate\\Pipeline\\{closure}(Object(Illuminate\\Http\\Request))
#50 D:\\Kuliah\\Kuliah Semester 4\\Rekayasa Perangkat Lunak\\Project-Apps\\vendor\\laravel\\framework\\src\\Illuminate\\Foundation\\Http\\Kernel.php(165): Illuminate\\Pipeline\\Pipeline->then(Object(Closure))
#51 D:\\Kuliah\\Kuliah Semester 4\\Rekayasa Perangkat Lunak\\Project-Apps\\vendor\\laravel\\framework\\src\\Illuminate\\Foundation\\Http\\Kernel.php(134): Illuminate\\Foundation\\Http\\Kernel->sendRequestThroughRouter(Object(Illuminate\\Http\\Request))
#52 D:\\Kuliah\\Kuliah Semester 4\\Rekayasa Perangkat Lunak\\Project-Apps\\public\\index.php(51): Illuminate\\Foundation\\Http\\Kernel->handle(Object(Illuminate\\Http\\Request))
#53 D:\\Kuliah\\Kuliah Semester 4\\Rekayasa Perangkat Lunak\\Project-Apps\\vendor\\laravel\\framework\\src\\Illuminate\\Foundation\\resources\\server.php(16): require_once('D:\\\\Kuliah\\\\Kulia...')
#54 {main}
"} 
[2026-06-03 23:44:43] local.ERROR: SQLSTATE[42S22]: Column not found: 1054 Unknown column 'expires_at' in 'field list' (SQL: insert into `personal_access_tokens` (`name`, `token`, `abilities`, `expires_at`, `tokenable_id`, `tokenable_type`, `updated_at`, `created_at`) values (auth_token, e28b5039ed250d01defc9fedb7b8d28614634c0391a92e594c5520acc342c60c, ["*"], ?, 2, App\Models\User, 2026-06-03 23:44:43, 2026-06-03 23:44:43)) {"exception":"[object] (Illuminate\\Database\\QueryException(code: 42S22): SQLSTATE[42S22]: Column not found: 1054 Unknown column 'expires_at' in 'field list' (SQL: insert into `personal_access_tokens` (`name`, `token`, `abilities`, `expires_at`, `tokenable_id`, `tokenable_type`, `updated_at`, `created_at`) values (auth_token, e28b5039ed250d01defc9fedb7b8d28614634c0391a92e594c5520acc342c60c, [\"*\"], ?, 2, App\\Models\\User, 2026-06-03 23:44:43, 2026-06-03 23:44:43)) at D:\\Kuliah\\Kuliah Semester 4\\Rekayasa Perangkat Lunak\\Project-Apps\\vendor\\laravel\\framework\\src\\Illuminate\\Database\\Connection.php:760)
[stacktrace]
#0 D:\\Kuliah\\Kuliah Semester 4\\Rekayasa Perangkat Lunak\\Project-Apps\\vendor\\laravel\\framework\\src\\Illuminate\\Database\\Connection.php(720): Illuminate\\Database\\Connection->runQueryCallback('insert into `pe...', Array, Object(Closure))
#1 D:\\Kuliah\\Kuliah Semester 4\\Rekayasa Perangkat Lunak\\Project-Apps\\vendor\\laravel\\framework\\src\\Illuminate\\Database\\Connection.php(534): Illuminate\\Database\\Connection->run('insert into `pe...', Array, Object(Closure))
#2 D:\\Kuliah\\Kuliah Semester 4\\Rekayasa Perangkat Lunak\\Project-Apps\\vendor\\laravel\\framework\\src\\Illuminate\\Database\\Connection.php(498): Illuminate\\Database\\Connection->statement('insert into `pe...', Array)
#3 D:\\Kuliah\\Kuliah Semester 4\\Rekayasa Perangkat Lunak\\Project-Apps\\vendor\\laravel\\framework\\src\\Illuminate\\Database\\Query\\Processors\\Processor.php(32): Illuminate\\Database\\Connection->insert('insert into `pe...', Array)
#4 D:\\Kuliah\\Kuliah Semester 4\\Rekayasa Perangkat Lunak\\Project-Apps\\vendor\\laravel\\framework\\src\\Illuminate\\Database\\Query\\Builder.php(3322): Illuminate\\Database\\Query\\Processors\\Processor->processInsertGetId(Object(Illuminate\\Database\\Query\\Builder), 'insert into `pe...', Array, 'id')
#5 D:\\Kuliah\\Kuliah Semester 4\\Rekayasa Perangkat Lunak\\Project-Apps\\vendor\\laravel\\framework\\src\\Illuminate\\Database\\Eloquent\\Builder.php(1869): Illuminate\\Database\\Query\\Builder->insertGetId(Array, 'id')
#6 D:\\Kuliah\\Kuliah Semester 4\\Rekayasa Perangkat Lunak\\Project-Apps\\vendor\\laravel\\framework\\src\\Illuminate\\Database\\Eloquent\\Model.php(1330): Illuminate\\Database\\Eloquent\\Builder->__call('insertGetId', Array)
#7 D:\\Kuliah\\Kuliah Semester 4\\Rekayasa Perangkat Lunak\\Project-Apps\\vendor\\laravel\\framework\\src\\Illuminate\\Database\\Eloquent\\Model.php(1295): Illuminate\\Database\\Eloquent\\Model->insertAndSetId(Object(Illuminate\\Database\\Eloquent\\Builder), Array)
#8 D:\\Kuliah\\Kuliah Semester 4\\Rekayasa Perangkat Lunak\\Project-Apps\\vendor\\laravel\\framework\\src\\Illuminate\\Database\\Eloquent\\Model.php(1138): Illuminate\\Database\\Eloquent\\Model->performInsert(Object(Illuminate\\Database\\Eloquent\\Builder))
#9 D:\\Kuliah\\Kuliah Semester 4\\Rekayasa Perangkat Lunak\\Project-Apps\\vendor\\laravel\\framework\\src\\Illuminate\\Database\\Eloquent\\Relations\\HasOneOrMany.php(322): Illuminate\\Database\\Eloquent\\Model->save()
#10 D:\\Kuliah\\Kuliah Semester 4\\Rekayasa Perangkat Lunak\\Project-Apps\\vendor\\laravel\\framework\\src\\Illuminate\\Support\\helpers.php(319): Illuminate\\Database\\Eloquent\\Relations\\HasOneOrMany->Illuminate\\Database\\Eloquent\\Relations\\{closure}(Object(Laravel\\Sanctum\\PersonalAccessToken))
#11 D:\\Kuliah\\Kuliah Semester 4\\Rekayasa Perangkat Lunak\\Project-Apps\\vendor\\laravel\\framework\\src\\Illuminate\\Database\\Eloquent\\Relations\\HasOneOrMany.php(319): tap(Object(Laravel\\Sanctum\\PersonalAccessToken), Object(Closure))
#12 D:\\Kuliah\\Kuliah Semester 4\\Rekayasa Perangkat Lunak\\Project-Apps\\vendor\\laravel\\sanctum\\src\\HasApiTokens.php(50): Illuminate\\Database\\Eloquent\\Relations\\HasOneOrMany->create(Array)
#13 D:\\Kuliah\\Kuliah Semester 4\\Rekayasa Perangkat Lunak\\Project-Apps\\app\\Http\\Controllers\\Api\\AuthController.php(28): App\\Models\\User->createToken('auth_token')
#14 D:\\Kuliah\\Kuliah Semester 4\\Rekayasa Perangkat Lunak\\Project-Apps\\vendor\\laravel\\framework\\src\\Illuminate\\Routing\\Controller.php(54): App\\Http\\Controllers\\Api\\AuthController->register(Object(Illuminate\\Http\\Request))
#15 D:\\Kuliah\\Kuliah Semester 4\\Rekayasa Perangkat Lunak\\Project-Apps\\vendor\\laravel\\framework\\src\\Illuminate\\Routing\\ControllerDispatcher.php(43): Illuminate\\Routing\\Controller->callAction('register', Array)
#16 D:\\Kuliah\\Kuliah Semester 4\\Rekayasa Perangkat Lunak\\Project-Apps\\vendor\\laravel\\framework\\src\\Illuminate\\Routing\\Route.php(259): Illuminate\\Routing\\ControllerDispatcher->dispatch(Object(Illuminate\\Routing\\Route), Object(App\\Http\\Controllers\\Api\\AuthController), 'register')
#17 D:\\Kuliah\\Kuliah Semester 4\\Rekayasa Perangkat Lunak\\Project-Apps\\vendor\\laravel\\framework\\src\\Illuminate\\Routing\\Route.php(205): Illuminate\\Routing\\Route->runController()
#18 D:\\Kuliah\\Kuliah Semester 4\\Rekayasa Perangkat Lunak\\Project-Apps\\vendor\\laravel\\framework\\src\\Illuminate\\Routing\\Router.php(798): Illuminate\\Routing\\Route->run()
#19 D:\\Kuliah\\Kuliah Semester 4\\Rekayasa Perangkat Lunak\\Project-Apps\\vendor\\laravel\\framework\\src\\Illuminate\\Pipeline\\Pipeline.php(141): Illuminate\\Routing\\Router->Illuminate\\Routing\\{closure}(Object(Illuminate\\Http\\Request))
#20 D:\\Kuliah\\Kuliah Semester 4\\Rekayasa Perangkat Lunak\\Project-Apps\\vendor\\laravel\\framework\\src\\Illuminate\\Routing\\Middleware\\SubstituteBindings.php(50): Illuminate\\Pipeline\\Pipeline->Illuminate\\Pipeline\\{closure}(Object(Illuminate\\Http\\Request))
#21 D:\\Kuliah\\Kuliah Semester 4\\Rekayasa Perangkat Lunak\\Project-Apps\\vendor\\laravel\\framework\\src\\Illuminate\\Pipeline\\Pipeline.php(180): Illuminate\\Routing\\Middleware\\SubstituteBindings->handle(Object(Illuminate\\Http\\Request), Object(Closure))
#22 D:\\Kuliah\\Kuliah Semester 4\\Rekayasa Perangkat Lunak\\Project-Apps\\vendor\\laravel\\framework\\src\\Illuminate\\Routing\\Middleware\\ThrottleRequests.php(126): Illuminate\\Pipeline\\Pipeline->Illuminate\\Pipeline\\{closure}(Object(Illuminate\\Http\\Request))
#23 D:\\Kuliah\\Kuliah Semester 4\\Rekayasa Perangkat Lunak\\Project-Apps\\vendor\\laravel\\framework\\src\\Illuminate\\Routing\\Middleware\\ThrottleRequests.php(92): Illuminate\\Routing\\Middleware\\ThrottleRequests->handleRequest(Object(Illuminate\\Http\\Request), Object(Closure), Array)
#24 D:\\Kuliah\\Kuliah Semester 4\\Rekayasa Perangkat Lunak\\Project-Apps\\vendor\\laravel\\framework\\src\\Illuminate\\Routing\\Middleware\\ThrottleRequests.php(54): Illuminate\\Routing\\Middleware\\ThrottleRequests->handleRequestUsingNamedLimiter(Object(Illuminate\\Http\\Request), Object(Closure), 'api', Object(Closure))
#25 D:\\Kuliah\\Kuliah Semester 4\\Rekayasa Perangkat Lunak\\Project-Apps\\vendor\\laravel\\framework\\src\\Illuminate\\Pipeline\\Pipeline.php(180): Illuminate\\Routing\\Middleware\\ThrottleRequests->handle(Object(Illuminate\\Http\\Request), Object(Closure), 'api')
#26 D:\\Kuliah\\Kuliah Semester 4\\Rekayasa Perangkat Lunak\\Project-Apps\\vendor\\laravel\\framework\\src\\Illuminate\\Pipeline\\Pipeline.php(116): Illuminate\\Pipeline\\Pipeline->Illuminate\\Pipeline\\{closure}(Object(Illuminate\\Http\\Request))
#27 D:\\Kuliah\\Kuliah Semester 4\\Rekayasa Perangkat Lunak\\Project-Apps\\vendor\\laravel\\framework\\src\\Illuminate\\Routing\\Router.php(797): Illuminate\\Pipeline\\Pipeline->then(Object(Closure))
#28 D:\\Kuliah\\Kuliah Semester 4\\Rekayasa Perangkat Lunak\\Project-Apps\\vendor\\laravel\\framework\\src\\Illuminate\\Routing\\Router.php(776): Illuminate\\Routing\\Router->runRouteWithinStack(Object(Illuminate\\Routing\\Route), Object(Illuminate\\Http\\Request))
#29 D:\\Kuliah\\Kuliah Semester 4\\Rekayasa Perangkat Lunak\\Project-Apps\\vendor\\laravel\\framework\\src\\Illuminate\\Routing\\Router.php(740): Illuminate\\Routing\\Router->runRoute(Object(Illuminate\\Http\\Request), Object(Illuminate\\Routing\\Route))
#30 D:\\Kuliah\\Kuliah Semester 4\\Rekayasa Perangkat Lunak\\Project-Apps\\vendor\\laravel\\framework\\src\\Illuminate\\Routing\\Router.php(729): Illuminate\\Routing\\Router->dispatchToRoute(Object(Illuminate\\Http\\Request))
#31 D:\\Kuliah\\Kuliah Semester 4\\Rekayasa Perangkat Lunak\\Project-Apps\\vendor\\laravel\\framework\\src\\Illuminate\\Foundation\\Http\\Kernel.php(190): Illuminate\\Routing\\Router->dispatch(Object(Illuminate\\Http\\Request))
#32 D:\\Kuliah\\Kuliah Semester 4\\Rekayasa Perangkat Lunak\\Project-Apps\\vendor\\laravel\\framework\\src\\Illuminate\\Pipeline\\Pipeline.php(141): Illuminate\\Foundation\\Http\\Kernel->Illuminate\\Foundation\\Http\\{closure}(Object(Illuminate\\Http\\Request))
#33 D:\\Kuliah\\Kuliah Semester 4\\Rekayasa Perangkat Lunak\\Project-Apps\\vendor\\laravel\\framework\\src\\Illuminate\\Foundation\\Http\\Middleware\\TransformsRequest.php(21): Illuminate\\Pipeline\\Pipeline->Illuminate\\Pipeline\\{closure}(Object(Illuminate\\Http\\Request))
#34 D:\\Kuliah\\Kuliah Semester 4\\Rekayasa Perangkat Lunak\\Project-Apps\\vendor\\laravel\\framework\\src\\Illuminate\\Foundation\\Http\\Middleware\\ConvertEmptyStringsToNull.php(31): Illuminate\\Foundation\\Http\\Middleware\\TransformsRequest->handle(Object(Illuminate\\Http\\Request), Object(Closure))
#35 D:\\Kuliah\\Kuliah Semester 4\\Rekayasa Perangkat Lunak\\Project-Apps\\vendor\\laravel\\framework\\src\\Illuminate\\Pipeline\\Pipeline.php(180): Illuminate\\Foundation\\Http\\Middleware\\ConvertEmptyStringsToNull->handle(Object(Illuminate\\Http\\Request), Object(Closure))
#36 D:\\Kuliah\\Kuliah Semester 4\\Rekayasa Perangkat Lunak\\Project-Apps\\vendor\\laravel\\framework\\src\\Illuminate\\Foundation\\Http\\Middleware\\TransformsRequest.php(21): Illuminate\\Pipeline\\Pipeline->Illuminate\\Pipeline\\{closure}(Object(Illuminate\\Http\\Request))
#37 D:\\Kuliah\\Kuliah Semester 4\\Rekayasa Perangkat Lunak\\Project-Apps\\vendor\\laravel\\framework\\src\\Illuminate\\Foundation\\Http\\Middleware\\TrimStrings.php(40): Illuminate\\Foundation\\Http\\Middleware\\TransformsRequest->handle(Object(Illuminate\\Http\\Request), Object(Closure))
#38 D:\\Kuliah\\Kuliah Semester 4\\Rekayasa Perangkat Lunak\\Project-Apps\\vendor\\laravel\\framework\\src\\Illuminate\\Pipeline\\Pipeline.php(180): Illuminate\\Foundation\\Http\\Middleware\\TrimStrings->handle(Object(Illuminate\\Http\\Request), Object(Closure))
#39 D:\\Kuliah\\Kuliah Semester 4\\Rekayasa Perangkat Lunak\\Project-Apps\\vendor\\laravel\\framework\\src\\Illuminate\\Foundation\\Http\\Middleware\\ValidatePostSize.php(27): Illuminate\\Pipeline\\Pipeline->Illuminate\\Pipeline\\{closure}(Object(Illuminate\\Http\\Request))
#40 D:\\Kuliah\\Kuliah Semester 4\\Rekayasa Perangkat Lunak\\Project-Apps\\vendor\\laravel\\framework\\src\\Illuminate\\Pipeline\\Pipeline.php(180): Illuminate\\Foundation\\Http\\Middleware\\ValidatePostSize->handle(Object(Illuminate\\Http\\Request), Object(Closure))
#41 D:\\Kuliah\\Kuliah Semester 4\\Rekayasa Perangkat Lunak\\Project-Apps\\vendor\\laravel\\framework\\src\\Illuminate\\Foundation\\Http\\Middleware\\PreventRequestsDuringMaintenance.php(86): Illuminate\\Pipeline\\Pipeline->Illuminate\\Pipeline\\{closure}(Object(Illuminate\\Http\\Request))
#42 D:\\Kuliah\\Kuliah Semester 4\\Rekayasa Perangkat Lunak\\Project-Apps\\vendor\\laravel\\framework\\src\\Illuminate\\Pipeline\\Pipeline.php(180): Illuminate\\Foundation\\Http\\Middleware\\PreventRequestsDuringMaintenance->handle(Object(Illuminate\\Http\\Request), Object(Closure))
#43 D:\\Kuliah\\Kuliah Semester 4\\Rekayasa Perangkat Lunak\\Project-Apps\\vendor\\fruitcake\\laravel-cors\\src\\HandleCors.php(52): Illuminate\\Pipeline\\Pipeline->Illuminate\\Pipeline\\{closure}(Object(Illuminate\\Http\\Request))
#44 D:\\Kuliah\\Kuliah Semester 4\\Rekayasa Perangkat Lunak\\Project-Apps\\vendor\\laravel\\framework\\src\\Illuminate\\Pipeline\\Pipeline.php(180): Fruitcake\\Cors\\HandleCors->handle(Object(Illuminate\\Http\\Request), Object(Closure))
#45 D:\\Kuliah\\Kuliah Semester 4\\Rekayasa Perangkat Lunak\\Project-Apps\\vendor\\laravel\\framework\\src\\Illuminate\\Http\\Middleware\\TrustProxies.php(39): Illuminate\\Pipeline\\Pipeline->Illuminate\\Pipeline\\{closure}(Object(Illuminate\\Http\\Request))
#46 D:\\Kuliah\\Kuliah Semester 4\\Rekayasa Perangkat Lunak\\Project-Apps\\vendor\\laravel\\framework\\src\\Illuminate\\Pipeline\\Pipeline.php(180): Illuminate\\Http\\Middleware\\TrustProxies->handle(Object(Illuminate\\Http\\Request), Object(Closure))
#47 D:\\Kuliah\\Kuliah Semester 4\\Rekayasa Perangkat Lunak\\Project-Apps\\vendor\\laravel\\framework\\src\\Illuminate\\Pipeline\\Pipeline.php(116): Illuminate\\Pipeline\\Pipeline->Illuminate\\Pipeline\\{closure}(Object(Illuminate\\Http\\Request))
#48 D:\\Kuliah\\Kuliah Semester 4\\Rekayasa Perangkat Lunak\\Project-Apps\\vendor\\laravel\\framework\\src\\Illuminate\\Foundation\\Http\\Kernel.php(165): Illuminate\\Pipeline\\Pipeline->then(Object(Closure))
#49 D:\\Kuliah\\Kuliah Semester 4\\Rekayasa Perangkat Lunak\\Project-Apps\\vendor\\laravel\\framework\\src\\Illuminate\\Foundation\\Http\\Kernel.php(134): Illuminate\\Foundation\\Http\\Kernel->sendRequestThroughRouter(Object(Illuminate\\Http\\Request))
#50 D:\\Kuliah\\Kuliah Semester 4\\Rekayasa Perangkat Lunak\\Project-Apps\\public\\index.php(51): Illuminate\\Foundation\\Http\\Kernel->handle(Object(Illuminate\\Http\\Request))
#51 D:\\Kuliah\\Kuliah Semester 4\\Rekayasa Perangkat Lunak\\Project-Apps\\vendor\\laravel\\framework\\src\\Illuminate\\Foundation\\resources\\server.php(16): require_once('D:\\\\Kuliah\\\\Kulia...')
#52 {main}

[previous exception] [object] (PDOException(code: 42S22): SQLSTATE[42S22]: Column not found: 1054 Unknown column 'expires_at' in 'field list' at D:\\Kuliah\\Kuliah Semester 4\\Rekayasa Perangkat Lunak\\Project-Apps\\vendor\\laravel\\framework\\src\\Illuminate\\Database\\Connection.php:539)
[stacktrace]
#0 D:\\Kuliah\\Kuliah Semester 4\\Rekayasa Perangkat Lunak\\Project-Apps\\vendor\\laravel\\framework\\src\\Illuminate\\Database\\Connection.php(539): PDO->prepare('insert into `pe...')
#1 D:\\Kuliah\\Kuliah Semester 4\\Rekayasa Perangkat Lunak\\Project-Apps\\vendor\\laravel\\framework\\src\\Illuminate\\Database\\Connection.php(753): Illuminate\\Database\\Connection->Illuminate\\Database\\{closure}('insert into `pe...', Array)
#2 D:\\Kuliah\\Kuliah Semester 4\\Rekayasa Perangkat Lunak\\Project-Apps\\vendor\\laravel\\framework\\src\\Illuminate\\Database\\Connection.php(720): Illuminate\\Database\\Connection->runQueryCallback('insert into `pe...', Array, Object(Closure))
#3 D:\\Kuliah\\Kuliah Semester 4\\Rekayasa Perangkat Lunak\\Project-Apps\\vendor\\laravel\\framework\\src\\Illuminate\\Database\\Connection.php(534): Illuminate\\Database\\Connection->run('insert into `pe...', Array, Object(Closure))
#4 D:\\Kuliah\\Kuliah Semester 4\\Rekayasa Perangkat Lunak\\Project-Apps\\vendor\\laravel\\framework\\src\\Illuminate\\Database\\Connection.php(498): Illuminate\\Database\\Connection->statement('insert into `pe...', Array)
#5 D:\\Kuliah\\Kuliah Semester 4\\Rekayasa Perangkat Lunak\\Project-Apps\\vendor\\laravel\\framework\\src\\Illuminate\\Database\\Query\\Processors\\Processor.php(32): Illuminate\\Database\\Connection->insert('insert into `pe...', Array)
#6 D:\\Kuliah\\Kuliah Semester 4\\Rekayasa Perangkat Lunak\\Project-Apps\\vendor\\laravel\\framework\\src\\Illuminate\\Database\\Query\\Builder.php(3322): Illuminate\\Database\\Query\\Processors\\Processor->processInsertGetId(Object(Illuminate\\Database\\Query\\Builder), 'insert into `pe...', Array, 'id')
#7 D:\\Kuliah\\Kuliah Semester 4\\Rekayasa Perangkat Lunak\\Project-Apps\\vendor\\laravel\\framework\\src\\Illuminate\\Database\\Eloquent\\Builder.php(1869): Illuminate\\Database\\Query\\Builder->insertGetId(Array, 'id')
#8 D:\\Kuliah\\Kuliah Semester 4\\Rekayasa Perangkat Lunak\\Project-Apps\\vendor\\laravel\\framework\\src\\Illuminate\\Database\\Eloquent\\Model.php(1330): Illuminate\\Database\\Eloquent\\Builder->__call('insertGetId', Array)
#9 D:\\Kuliah\\Kuliah Semester 4\\Rekayasa Perangkat Lunak\\Project-Apps\\vendor\\laravel\\framework\\src\\Illuminate\\Database\\Eloquent\\Model.php(1295): Illuminate\\Database\\Eloquent\\Model->insertAndSetId(Object(Illuminate\\Database\\Eloquent\\Builder), Array)
#10 D:\\Kuliah\\Kuliah Semester 4\\Rekayasa Perangkat Lunak\\Project-Apps\\vendor\\laravel\\framework\\src\\Illuminate\\Database\\Eloquent\\Model.php(1138): Illuminate\\Database\\Eloquent\\Model->performInsert(Object(Illuminate\\Database\\Eloquent\\Builder))
#11 D:\\Kuliah\\Kuliah Semester 4\\Rekayasa Perangkat Lunak\\Project-Apps\\vendor\\laravel\\framework\\src\\Illuminate\\Database\\Eloquent\\Relations\\HasOneOrMany.php(322): Illuminate\\Database\\Eloquent\\Model->save()
#12 D:\\Kuliah\\Kuliah Semester 4\\Rekayasa Perangkat Lunak\\Project-Apps\\vendor\\laravel\\framework\\src\\Illuminate\\Support\\helpers.php(319): Illuminate\\Database\\Eloquent\\Relations\\HasOneOrMany->Illuminate\\Database\\Eloquent\\Relations\\{closure}(Object(Laravel\\Sanctum\\PersonalAccessToken))
#13 D:\\Kuliah\\Kuliah Semester 4\\Rekayasa Perangkat Lunak\\Project-Apps\\vendor\\laravel\\framework\\src\\Illuminate\\Database\\Eloquent\\Relations\\HasOneOrMany.php(319): tap(Object(Laravel\\Sanctum\\PersonalAccessToken), Object(Closure))
#14 D:\\Kuliah\\Kuliah Semester 4\\Rekayasa Perangkat Lunak\\Project-Apps\\vendor\\laravel\\sanctum\\src\\HasApiTokens.php(50): Illuminate\\Database\\Eloquent\\Relations\\HasOneOrMany->create(Array)
#15 D:\\Kuliah\\Kuliah Semester 4\\Rekayasa Perangkat Lunak\\Project-Apps\\app\\Http\\Controllers\\Api\\AuthController.php(28): App\\Models\\User->createToken('auth_token')
#16 D:\\Kuliah\\Kuliah Semester 4\\Rekayasa Perangkat Lunak\\Project-Apps\\vendor\\laravel\\framework\\src\\Illuminate\\Routing\\Controller.php(54): App\\Http\\Controllers\\Api\\AuthController->register(Object(Illuminate\\Http\\Request))
#17 D:\\Kuliah\\Kuliah Semester 4\\Rekayasa Perangkat Lunak\\Project-Apps\\vendor\\laravel\\framework\\src\\Illuminate\\Routing\\ControllerDispatcher.php(43): Illuminate\\Routing\\Controller->callAction('register', Array)
#18 D:\\Kuliah\\Kuliah Semester 4\\Rekayasa Perangkat Lunak\\Project-Apps\\vendor\\laravel\\framework\\src\\Illuminate\\Routing\\Route.php(259): Illuminate\\Routing\\ControllerDispatcher->dispatch(Object(Illuminate\\Routing\\Route), Object(App\\Http\\Controllers\\Api\\AuthController), 'register')
#19 D:\\Kuliah\\Kuliah Semester 4\\Rekayasa Perangkat Lunak\\Project-Apps\\vendor\\laravel\\framework\\src\\Illuminate\\Routing\\Route.php(205): Illuminate\\Routing\\Route->runController()
#20 D:\\Kuliah\\Kuliah Semester 4\\Rekayasa Perangkat Lunak\\Project-Apps\\vendor\\laravel\\framework\\src\\Illuminate\\Routing\\Router.php(798): Illuminate\\Routing\\Route->run()
#21 D:\\Kuliah\\Kuliah Semester 4\\Rekayasa Perangkat Lunak\\Project-Apps\\vendor\\laravel\\framework\\src\\Illuminate\\Pipeline\\Pipeline.php(141): Illuminate\\Routing\\Router->Illuminate\\Routing\\{closure}(Object(Illuminate\\Http\\Request))
#22 D:\\Kuliah\\Kuliah Semester 4\\Rekayasa Perangkat Lunak\\Project-Apps\\vendor\\laravel\\framework\\src\\Illuminate\\Routing\\Middleware\\SubstituteBindings.php(50): Illuminate\\Pipeline\\Pipeline->Illuminate\\Pipeline\\{closure}(Object(Illuminate\\Http\\Request))
#23 D:\\Kuliah\\Kuliah Semester 4\\Rekayasa Perangkat Lunak\\Project-Apps\\vendor\\laravel\\framework\\src\\Illuminate\\Pipeline\\Pipeline.php(180): Illuminate\\Routing\\Middleware\\SubstituteBindings->handle(Object(Illuminate\\Http\\Request), Object(Closure))
#24 D:\\Kuliah\\Kuliah Semester 4\\Rekayasa Perangkat Lunak\\Project-Apps\\vendor\\laravel\\framework\\src\\Illuminate\\Routing\\Middleware\\ThrottleRequests.php(126): Illuminate\\Pipeline\\Pipeline->Illuminate\\Pipeline\\{closure}(Object(Illuminate\\Http\\Request))
#25 D:\\Kuliah\\Kuliah Semester 4\\Rekayasa Perangkat Lunak\\Project-Apps\\vendor\\laravel\\framework\\src\\Illuminate\\Routing\\Middleware\\ThrottleRequests.php(92): Illuminate\\Routing\\Middleware\\ThrottleRequests->handleRequest(Object(Illuminate\\Http\\Request), Object(Closure), Array)
#26 D:\\Kuliah\\Kuliah Semester 4\\Rekayasa Perangkat Lunak\\Project-Apps\\vendor\\laravel\\framework\\src\\Illuminate\\Routing\\Middleware\\ThrottleRequests.php(54): Illuminate\\Routing\\Middleware\\ThrottleRequests->handleRequestUsingNamedLimiter(Object(Illuminate\\Http\\Request), Object(Closure), 'api', Object(Closure))
#27 D:\\Kuliah\\Kuliah Semester 4\\Rekayasa Perangkat Lunak\\Project-Apps\\vendor\\laravel\\framework\\src\\Illuminate\\Pipeline\\Pipeline.php(180): Illuminate\\Routing\\Middleware\\ThrottleRequests->handle(Object(Illuminate\\Http\\Request), Object(Closure), 'api')
#28 D:\\Kuliah\\Kuliah Semester 4\\Rekayasa Perangkat Lunak\\Project-Apps\\vendor\\laravel\\framework\\src\\Illuminate\\Pipeline\\Pipeline.php(116): Illuminate\\Pipeline\\Pipeline->Illuminate\\Pipeline\\{closure}(Object(Illuminate\\Http\\Request))
#29 D:\\Kuliah\\Kuliah Semester 4\\Rekayasa Perangkat Lunak\\Project-Apps\\vendor\\laravel\\framework\\src\\Illuminate\\Routing\\Router.php(797): Illuminate\\Pipeline\\Pipeline->then(Object(Closure))
#30 D:\\Kuliah\\Kuliah Semester 4\\Rekayasa Perangkat Lunak\\Project-Apps\\vendor\\laravel\\framework\\src\\Illuminate\\Routing\\Router.php(776): Illuminate\\Routing\\Router->runRouteWithinStack(Object(Illuminate\\Routing\\Route), Object(Illuminate\\Http\\Request))
#31 D:\\Kuliah\\Kuliah Semester 4\\Rekayasa Perangkat Lunak\\Project-Apps\\vendor\\laravel\\framework\\src\\Illuminate\\Routing\\Router.php(740): Illuminate\\Routing\\Router->runRoute(Object(Illuminate\\Http\\Request), Object(Illuminate\\Routing\\Route))
#32 D:\\Kuliah\\Kuliah Semester 4\\Rekayasa Perangkat Lunak\\Project-Apps\\vendor\\laravel\\framework\\src\\Illuminate\\Routing\\Router.php(729): Illuminate\\Routing\\Router->dispatchToRoute(Object(Illuminate\\Http\\Request))
#33 D:\\Kuliah\\Kuliah Semester 4\\Rekayasa Perangkat Lunak\\Project-Apps\\vendor\\laravel\\framework\\src\\Illuminate\\Foundation\\Http\\Kernel.php(190): Illuminate\\Routing\\Router->dispatch(Object(Illuminate\\Http\\Request))
#34 D:\\Kuliah\\Kuliah Semester 4\\Rekayasa Perangkat Lunak\\Project-Apps\\vendor\\laravel\\framework\\src\\Illuminate\\Pipeline\\Pipeline.php(141): Illuminate\\Foundation\\Http\\Kernel->Illuminate\\Foundation\\Http\\{closure}(Object(Illuminate\\Http\\Request))
#35 D:\\Kuliah\\Kuliah Semester 4\\Rekayasa Perangkat Lunak\\Project-Apps\\vendor\\laravel\\framework\\src\\Illuminate\\Foundation\\Http\\Middleware\\TransformsRequest.php(21): Illuminate\\Pipeline\\Pipeline->Illuminate\\Pipeline\\{closure}(Object(Illuminate\\Http\\Request))
#36 D:\\Kuliah\\Kuliah Semester 4\\Rekayasa Perangkat Lunak\\Project-Apps\\vendor\\laravel\\framework\\src\\Illuminate\\Foundation\\Http\\Middleware\\ConvertEmptyStringsToNull.php(31): Illuminate\\Foundation\\Http\\Middleware\\TransformsRequest->handle(Object(Illuminate\\Http\\Request), Object(Closure))
#37 D:\\Kuliah\\Kuliah Semester 4\\Rekayasa Perangkat Lunak\\Project-Apps\\vendor\\laravel\\framework\\src\\Illuminate\\Pipeline\\Pipeline.php(180): Illuminate\\Foundation\\Http\\Middleware\\ConvertEmptyStringsToNull->handle(Object(Illuminate\\Http\\Request), Object(Closure))
#38 D:\\Kuliah\\Kuliah Semester 4\\Rekayasa Perangkat Lunak\\Project-Apps\\vendor\\laravel\\framework\\src\\Illuminate\\Foundation\\Http\\Middleware\\TransformsRequest.php(21): Illuminate\\Pipeline\\Pipeline->Illuminate\\Pipeline\\{closure}(Object(Illuminate\\Http\\Request))
#39 D:\\Kuliah\\Kuliah Semester 4\\Rekayasa Perangkat Lunak\\Project-Apps\\vendor\\laravel\\framework\\src\\Illuminate\\Foundation\\Http\\Middleware\\TrimStrings.php(40): Illuminate\\Foundation\\Http\\Middleware\\TransformsRequest->handle(Object(Illuminate\\Http\\Request), Object(Closure))
#40 D:\\Kuliah\\Kuliah Semester 4\\Rekayasa Perangkat Lunak\\Project-Apps\\vendor\\laravel\\framework\\src\\Illuminate\\Pipeline\\Pipeline.php(180): Illuminate\\Foundation\\Http\\Middleware\\TrimStrings->handle(Object(Illuminate\\Http\\Request), Object(Closure))
#41 D:\\Kuliah\\Kuliah Semester 4\\Rekayasa Perangkat Lunak\\Project-Apps\\vendor\\laravel\\framework\\src\\Illuminate\\Foundation\\Http\\Middleware\\ValidatePostSize.php(27): Illuminate\\Pipeline\\Pipeline->Illuminate\\Pipeline\\{closure}(Object(Illuminate\\Http\\Request))
#42 D:\\Kuliah\\Kuliah Semester 4\\Rekayasa Perangkat Lunak\\Project-Apps\\vendor\\laravel\\framework\\src\\Illuminate\\Pipeline\\Pipeline.php(180): Illuminate\\Foundation\\Http\\Middleware\\ValidatePostSize->handle(Object(Illuminate\\Http\\Request), Object(Closure))
#43 D:\\Kuliah\\Kuliah Semester 4\\Rekayasa Perangkat Lunak\\Project-Apps\\vendor\\laravel\\framework\\src\\Illuminate\\Foundation\\Http\\Middleware\\PreventRequestsDuringMaintenance.php(86): Illuminate\\Pipeline\\Pipeline->Illuminate\\Pipeline\\{closure}(Object(Illuminate\\Http\\Request))
#44 D:\\Kuliah\\Kuliah Semester 4\\Rekayasa Perangkat Lunak\\Project-Apps\\vendor\\laravel\\framework\\src\\Illuminate\\Pipeline\\Pipeline.php(180): Illuminate\\Foundation\\Http\\Middleware\\PreventRequestsDuringMaintenance->handle(Object(Illuminate\\Http\\Request), Object(Closure))
#45 D:\\Kuliah\\Kuliah Semester 4\\Rekayasa Perangkat Lunak\\Project-Apps\\vendor\\fruitcake\\laravel-cors\\src\\HandleCors.php(52): Illuminate\\Pipeline\\Pipeline->Illuminate\\Pipeline\\{closure}(Object(Illuminate\\Http\\Request))
#46 D:\\Kuliah\\Kuliah Semester 4\\Rekayasa Perangkat Lunak\\Project-Apps\\vendor\\laravel\\framework\\src\\Illuminate\\Pipeline\\Pipeline.php(180): Fruitcake\\Cors\\HandleCors->handle(Object(Illuminate\\Http\\Request), Object(Closure))
#47 D:\\Kuliah\\Kuliah Semester 4\\Rekayasa Perangkat Lunak\\Project-Apps\\vendor\\laravel\\framework\\src\\Illuminate\\Http\\Middleware\\TrustProxies.php(39): Illuminate\\Pipeline\\Pipeline->Illuminate\\Pipeline\\{closure}(Object(Illuminate\\Http\\Request))
#48 D:\\Kuliah\\Kuliah Semester 4\\Rekayasa Perangkat Lunak\\Project-Apps\\vendor\\laravel\\framework\\src\\Illuminate\\Pipeline\\Pipeline.php(180): Illuminate\\Http\\Middleware\\TrustProxies->handle(Object(Illuminate\\Http\\Request), Object(Closure))
#49 D:\\Kuliah\\Kuliah Semester 4\\Rekayasa Perangkat Lunak\\Project-Apps\\vendor\\laravel\\framework\\src\\Illuminate\\Pipeline\\Pipeline.php(116): Illuminate\\Pipeline\\Pipeline->Illuminate\\Pipeline\\{closure}(Object(Illuminate\\Http\\Request))
#50 D:\\Kuliah\\Kuliah Semester 4\\Rekayasa Perangkat Lunak\\Project-Apps\\vendor\\laravel\\framework\\src\\Illuminate\\Foundation\\Http\\Kernel.php(165): Illuminate\\Pipeline\\Pipeline->then(Object(Closure))
#51 D:\\Kuliah\\Kuliah Semester 4\\Rekayasa Perangkat Lunak\\Project-Apps\\vendor\\laravel\\framework\\src\\Illuminate\\Foundation\\Http\\Kernel.php(134): Illuminate\\Foundation\\Http\\Kernel->sendRequestThroughRouter(Object(Illuminate\\Http\\Request))
#52 D:\\Kuliah\\Kuliah Semester 4\\Rekayasa Perangkat Lunak\\Project-Apps\\public\\index.php(51): Illuminate\\Foundation\\Http\\Kernel->handle(Object(Illuminate\\Http\\Request))
#53 D:\\Kuliah\\Kuliah Semester 4\\Rekayasa Perangkat Lunak\\Project-Apps\\vendor\\laravel\\framework\\src\\Illuminate\\Foundation\\resources\\server.php(16): require_once('D:\\\\Kuliah\\\\Kulia...')
#54 {main}
"} 
[2026-06-03 23:49:38] local.ERROR: SQLSTATE[42S22]: Column not found: 1054 Unknown column 'expires_at' in 'field list' (SQL: insert into `personal_access_tokens` (`name`, `token`, `abilities`, `expires_at`, `tokenable_id`, `tokenable_type`, `updated_at`, `created_at`) values (auth_token, 6191a11ea6322099f1bc1340141c730b9d4eb6354c7420a3e33c99a0a58f46e8, ["*"], ?, 1, App\Models\User, 2026-06-03 23:49:38, 2026-06-03 23:49:38)) {"exception":"[object] (Illuminate\\Database\\QueryException(code: 42S22): SQLSTATE[42S22]: Column not found: 1054 Unknown column 'expires_at' in 'field list' (SQL: insert into `personal_access_tokens` (`name`, `token`, `abilities`, `expires_at`, `tokenable_id`, `tokenable_type`, `updated_at`, `created_at`) values (auth_token, 6191a11ea6322099f1bc1340141c730b9d4eb6354c7420a3e33c99a0a58f46e8, [\"*\"], ?, 1, App\\Models\\User, 2026-06-03 23:49:38, 2026-06-03 23:49:38)) at D:\\Kuliah\\Kuliah Semester 4\\Rekayasa Perangkat Lunak\\Project-Apps\\vendor\\laravel\\framework\\src\\Illuminate\\Database\\Connection.php:760)
[stacktrace]
#0 D:\\Kuliah\\Kuliah Semester 4\\Rekayasa Perangkat Lunak\\Project-Apps\\vendor\\laravel\\framework\\src\\Illuminate\\Database\\Connection.php(720): Illuminate\\Database\\Connection->runQueryCallback('insert into `pe...', Array, Object(Closure))
#1 D:\\Kuliah\\Kuliah Semester 4\\Rekayasa Perangkat Lunak\\Project-Apps\\vendor\\laravel\\framework\\src\\Illuminate\\Database\\Connection.php(534): Illuminate\\Database\\Connection->run('insert into `pe...', Array, Object(Closure))
#2 D:\\Kuliah\\Kuliah Semester 4\\Rekayasa Perangkat Lunak\\Project-Apps\\vendor\\laravel\\framework\\src\\Illuminate\\Database\\Connection.php(498): Illuminate\\Database\\Connection->statement('insert into `pe...', Array)
#3 D:\\Kuliah\\Kuliah Semester 4\\Rekayasa Perangkat Lunak\\Project-Apps\\vendor\\laravel\\framework\\src\\Illuminate\\Database\\Query\\Processors\\Processor.php(32): Illuminate\\Database\\Connection->insert('insert into `pe...', Array)
#4 D:\\Kuliah\\Kuliah Semester 4\\Rekayasa Perangkat Lunak\\Project-Apps\\vendor\\laravel\\framework\\src\\Illuminate\\Database\\Query\\Builder.php(3322): Illuminate\\Database\\Query\\Processors\\Processor->processInsertGetId(Object(Illuminate\\Database\\Query\\Builder), 'insert into `pe...', Array, 'id')
#5 D:\\Kuliah\\Kuliah Semester 4\\Rekayasa Perangkat Lunak\\Project-Apps\\vendor\\laravel\\framework\\src\\Illuminate\\Database\\Eloquent\\Builder.php(1869): Illuminate\\Database\\Query\\Builder->insertGetId(Array, 'id')
#6 D:\\Kuliah\\Kuliah Semester 4\\Rekayasa Perangkat Lunak\\Project-Apps\\vendor\\laravel\\framework\\src\\Illuminate\\Database\\Eloquent\\Model.php(1330): Illuminate\\Database\\Eloquent\\Builder->__call('insertGetId', Array)
#7 D:\\Kuliah\\Kuliah Semester 4\\Rekayasa Perangkat Lunak\\Project-Apps\\vendor\\laravel\\framework\\src\\Illuminate\\Database\\Eloquent\\Model.php(1295): Illuminate\\Database\\Eloquent\\Model->insertAndSetId(Object(Illuminate\\Database\\Eloquent\\Builder), Array)
#8 D:\\Kuliah\\Kuliah Semester 4\\Rekayasa Perangkat Lunak\\Project-Apps\\vendor\\laravel\\framework\\src\\Illuminate\\Database\\Eloquent\\Model.php(1138): Illuminate\\Database\\Eloquent\\Model->performInsert(Object(Illuminate\\Database\\Eloquent\\Builder))
#9 D:\\Kuliah\\Kuliah Semester 4\\Rekayasa Perangkat Lunak\\Project-Apps\\vendor\\laravel\\framework\\src\\Illuminate\\Database\\Eloquent\\Relations\\HasOneOrMany.php(322): Illuminate\\Database\\Eloquent\\Model->save()
#10 D:\\Kuliah\\Kuliah Semester 4\\Rekayasa Perangkat Lunak\\Project-Apps\\vendor\\laravel\\framework\\src\\Illuminate\\Support\\helpers.php(319): Illuminate\\Database\\Eloquent\\Relations\\HasOneOrMany->Illuminate\\Database\\Eloquent\\Relations\\{closure}(Object(Laravel\\Sanctum\\PersonalAccessToken))
#11 D:\\Kuliah\\Kuliah Semester 4\\Rekayasa Perangkat Lunak\\Project-Apps\\vendor\\laravel\\framework\\src\\Illuminate\\Database\\Eloquent\\Relations\\HasOneOrMany.php(319): tap(Object(Laravel\\Sanctum\\PersonalAccessToken), Object(Closure))
#12 D:\\Kuliah\\Kuliah Semester 4\\Rekayasa Perangkat Lunak\\Project-Apps\\vendor\\laravel\\sanctum\\src\\HasApiTokens.php(50): Illuminate\\Database\\Eloquent\\Relations\\HasOneOrMany->create(Array)
#13 D:\\Kuliah\\Kuliah Semester 4\\Rekayasa Perangkat Lunak\\Project-Apps\\app\\Http\\Controllers\\Api\\AuthController.php(28): App\\Models\\User->createToken('auth_token', Array)
#14 D:\\Kuliah\\Kuliah Semester 4\\Rekayasa Perangkat Lunak\\Project-Apps\\vendor\\laravel\\framework\\src\\Illuminate\\Routing\\Controller.php(54): App\\Http\\Controllers\\Api\\AuthController->register(Object(Illuminate\\Http\\Request))
#15 D:\\Kuliah\\Kuliah Semester 4\\Rekayasa Perangkat Lunak\\Project-Apps\\vendor\\laravel\\framework\\src\\Illuminate\\Routing\\ControllerDispatcher.php(43): Illuminate\\Routing\\Controller->callAction('register', Array)
#16 D:\\Kuliah\\Kuliah Semester 4\\Rekayasa Perangkat Lunak\\Project-Apps\\vendor\\laravel\\framework\\src\\Illuminate\\Routing\\Route.php(259): Illuminate\\Routing\\ControllerDispatcher->dispatch(Object(Illuminate\\Routing\\Route), Object(App\\Http\\Controllers\\Api\\AuthController), 'register')
#17 D:\\Kuliah\\Kuliah Semester 4\\Rekayasa Perangkat Lunak\\Project-Apps\\vendor\\laravel\\framework\\src\\Illuminate\\Routing\\Route.php(205): Illuminate\\Routing\\Route->runController()
#18 D:\\Kuliah\\Kuliah Semester 4\\Rekayasa Perangkat Lunak\\Project-Apps\\vendor\\laravel\\framework\\src\\Illuminate\\Routing\\Router.php(798): Illuminate\\Routing\\Route->run()
#19 D:\\Kuliah\\Kuliah Semester 4\\Rekayasa Perangkat Lunak\\Project-Apps\\vendor\\laravel\\framework\\src\\Illuminate\\Pipeline\\Pipeline.php(141): Illuminate\\Routing\\Router->Illuminate\\Routing\\{closure}(Object(Illuminate\\Http\\Request))
#20 D:\\Kuliah\\Kuliah Semester 4\\Rekayasa Perangkat Lunak\\Project-Apps\\vendor\\laravel\\framework\\src\\Illuminate\\Routing\\Middleware\\SubstituteBindings.php(50): Illuminate\\Pipeline\\Pipeline->Illuminate\\Pipeline\\{closure}(Object(Illuminate\\Http\\Request))
#21 D:\\Kuliah\\Kuliah Semester 4\\Rekayasa Perangkat Lunak\\Project-Apps\\vendor\\laravel\\framework\\src\\Illuminate\\Pipeline\\Pipeline.php(180): Illuminate\\Routing\\Middleware\\SubstituteBindings->handle(Object(Illuminate\\Http\\Request), Object(Closure))
#22 D:\\Kuliah\\Kuliah Semester 4\\Rekayasa Perangkat Lunak\\Project-Apps\\vendor\\laravel\\framework\\src\\Illuminate\\Routing\\Middleware\\ThrottleRequests.php(126): Illuminate\\Pipeline\\Pipeline->Illuminate\\Pipeline\\{closure}(Object(Illuminate\\Http\\Request))
#23 D:\\Kuliah\\Kuliah Semester 4\\Rekayasa Perangkat Lunak\\Project-Apps\\vendor\\laravel\\framework\\src\\Illuminate\\Routing\\Middleware\\ThrottleRequests.php(92): Illuminate\\Routing\\Middleware\\ThrottleRequests->handleRequest(Object(Illuminate\\Http\\Request), Object(Closure), Array)
#24 D:\\Kuliah\\Kuliah Semester 4\\Rekayasa Perangkat Lunak\\Project-Apps\\vendor\\laravel\\framework\\src\\Illuminate\\Routing\\Middleware\\ThrottleRequests.php(54): Illuminate\\Routing\\Middleware\\ThrottleRequests->handleRequestUsingNamedLimiter(Object(Illuminate\\Http\\Request), Object(Closure), 'api', Object(Closure))
#25 D:\\Kuliah\\Kuliah Semester 4\\Rekayasa Perangkat Lunak\\Project-Apps\\vendor\\laravel\\framework\\src\\Illuminate\\Pipeline\\Pipeline.php(180): Illuminate\\Routing\\Middleware\\ThrottleRequests->handle(Object(Illuminate\\Http\\Request), Object(Closure), 'api')
#26 D:\\Kuliah\\Kuliah Semester 4\\Rekayasa Perangkat Lunak\\Project-Apps\\vendor\\laravel\\framework\\src\\Illuminate\\Pipeline\\Pipeline.php(116): Illuminate\\Pipeline\\Pipeline->Illuminate\\Pipeline\\{closure}(Object(Illuminate\\Http\\Request))
#27 D:\\Kuliah\\Kuliah Semester 4\\Rekayasa Perangkat Lunak\\Project-Apps\\vendor\\laravel\\framework\\src\\Illuminate\\Routing\\Router.php(797): Illuminate\\Pipeline\\Pipeline->then(Object(Closure))
#28 D:\\Kuliah\\Kuliah Semester 4\\Rekayasa Perangkat Lunak\\Project-Apps\\vendor\\laravel\\framework\\src\\Illuminate\\Routing\\Router.php(776): Illuminate\\Routing\\Router->runRouteWithinStack(Object(Illuminate\\Routing\\Route), Object(Illuminate\\Http\\Request))
#29 D:\\Kuliah\\Kuliah Semester 4\\Rekayasa Perangkat Lunak\\Project-Apps\\vendor\\laravel\\framework\\src\\Illuminate\\Routing\\Router.php(740): Illuminate\\Routing\\Router->runRoute(Object(Illuminate\\Http\\Request), Object(Illuminate\\Routing\\Route))
#30 D:\\Kuliah\\Kuliah Semester 4\\Rekayasa Perangkat Lunak\\Project-Apps\\vendor\\laravel\\framework\\src\\Illuminate\\Routing\\Router.php(729): Illuminate\\Routing\\Router->dispatchToRoute(Object(Illuminate\\Http\\Request))
#31 D:\\Kuliah\\Kuliah Semester 4\\Rekayasa Perangkat Lunak\\Project-Apps\\vendor\\laravel\\framework\\src\\Illuminate\\Foundation\\Http\\Kernel.php(190): Illuminate\\Routing\\Router->dispatch(Object(Illuminate\\Http\\Request))
#32 D:\\Kuliah\\Kuliah Semester 4\\Rekayasa Perangkat Lunak\\Project-Apps\\vendor\\laravel\\framework\\src\\Illuminate\\Pipeline\\Pipeline.php(141): Illuminate\\Foundation\\Http\\Kernel->Illuminate\\Foundation\\Http\\{closure}(Object(Illuminate\\Http\\Request))
#33 D:\\Kuliah\\Kuliah Semester 4\\Rekayasa Perangkat Lunak\\Project-Apps\\vendor\\laravel\\framework\\src\\Illuminate\\Foundation\\Http\\Middleware\\TransformsRequest.php(21): Illuminate\\Pipeline\\Pipeline->Illuminate\\Pipeline\\{closure}(Object(Illuminate\\Http\\Request))
#34 D:\\Kuliah\\Kuliah Semester 4\\Rekayasa Perangkat Lunak\\Project-Apps\\vendor\\laravel\\framework\\src\\Illuminate\\Foundation\\Http\\Middleware\\ConvertEmptyStringsToNull.php(31): Illuminate\\Foundation\\Http\\Middleware\\TransformsRequest->handle(Object(Illuminate\\Http\\Request), Object(Closure))
#35 D:\\Kuliah\\Kuliah Semester 4\\Rekayasa Perangkat Lunak\\Project-Apps\\vendor\\laravel\\framework\\src\\Illuminate\\Pipeline\\Pipeline.php(180): Illuminate\\Foundation\\Http\\Middleware\\ConvertEmptyStringsToNull->handle(Object(Illuminate\\Http\\Request), Object(Closure))
#36 D:\\Kuliah\\Kuliah Semester 4\\Rekayasa Perangkat Lunak\\Project-Apps\\vendor\\laravel\\framework\\src\\Illuminate\\Foundation\\Http\\Middleware\\TransformsRequest.php(21): Illuminate\\Pipeline\\Pipeline->Illuminate\\Pipeline\\{closure}(Object(Illuminate\\Http\\Request))
#37 D:\\Kuliah\\Kuliah Semester 4\\Rekayasa Perangkat Lunak\\Project-Apps\\vendor\\laravel\\framework\\src\\Illuminate\\Foundation\\Http\\Middleware\\TrimStrings.php(40): Illuminate\\Foundation\\Http\\Middleware\\TransformsRequest->handle(Object(Illuminate\\Http\\Request), Object(Closure))
#38 D:\\Kuliah\\Kuliah Semester 4\\Rekayasa Perangkat Lunak\\Project-Apps\\vendor\\laravel\\framework\\src\\Illuminate\\Pipeline\\Pipeline.php(180): Illuminate\\Foundation\\Http\\Middleware\\TrimStrings->handle(Object(Illuminate\\Http\\Request), Object(Closure))
#39 D:\\Kuliah\\Kuliah Semester 4\\Rekayasa Perangkat Lunak\\Project-Apps\\vendor\\laravel\\framework\\src\\Illuminate\\Foundation\\Http\\Middleware\\ValidatePostSize.php(27): Illuminate\\Pipeline\\Pipeline->Illuminate\\Pipeline\\{closure}(Object(Illuminate\\Http\\Request))
#40 D:\\Kuliah\\Kuliah Semester 4\\Rekayasa Perangkat Lunak\\Project-Apps\\vendor\\laravel\\framework\\src\\Illuminate\\Pipeline\\Pipeline.php(180): Illuminate\\Foundation\\Http\\Middleware\\ValidatePostSize->handle(Object(Illuminate\\Http\\Request), Object(Closure))
#41 D:\\Kuliah\\Kuliah Semester 4\\Rekayasa Perangkat Lunak\\Project-Apps\\vendor\\laravel\\framework\\src\\Illuminate\\Foundation\\Http\\Middleware\\PreventRequestsDuringMaintenance.php(86): Illuminate\\Pipeline\\Pipeline->Illuminate\\Pipeline\\{closure}(Object(Illuminate\\Http\\Request))
#42 D:\\Kuliah\\Kuliah Semester 4\\Rekayasa Perangkat Lunak\\Project-Apps\\vendor\\laravel\\framework\\src\\Illuminate\\Pipeline\\Pipeline.php(180): Illuminate\\Foundation\\Http\\Middleware\\PreventRequestsDuringMaintenance->handle(Object(Illuminate\\Http\\Request), Object(Closure))
#43 D:\\Kuliah\\Kuliah Semester 4\\Rekayasa Perangkat Lunak\\Project-Apps\\vendor\\fruitcake\\laravel-cors\\src\\HandleCors.php(52): Illuminate\\Pipeline\\Pipeline->Illuminate\\Pipeline\\{closure}(Object(Illuminate\\Http\\Request))
#44 D:\\Kuliah\\Kuliah Semester 4\\Rekayasa Perangkat Lunak\\Project-Apps\\vendor\\laravel\\framework\\src\\Illuminate\\Pipeline\\Pipeline.php(180): Fruitcake\\Cors\\HandleCors->handle(Object(Illuminate\\Http\\Request), Object(Closure))
#45 D:\\Kuliah\\Kuliah Semester 4\\Rekayasa Perangkat Lunak\\Project-Apps\\vendor\\laravel\\framework\\src\\Illuminate\\Http\\Middleware\\TrustProxies.php(39): Illuminate\\Pipeline\\Pipeline->Illuminate\\Pipeline\\{closure}(Object(Illuminate\\Http\\Request))
#46 D:\\Kuliah\\Kuliah Semester 4\\Rekayasa Perangkat Lunak\\Project-Apps\\vendor\\laravel\\framework\\src\\Illuminate\\Pipeline\\Pipeline.php(180): Illuminate\\Http\\Middleware\\TrustProxies->handle(Object(Illuminate\\Http\\Request), Object(Closure))
#47 D:\\Kuliah\\Kuliah Semester 4\\Rekayasa Perangkat Lunak\\Project-Apps\\vendor\\laravel\\framework\\src\\Illuminate\\Pipeline\\Pipeline.php(116): Illuminate\\Pipeline\\Pipeline->Illuminate\\Pipeline\\{closure}(Object(Illuminate\\Http\\Request))
#48 D:\\Kuliah\\Kuliah Semester 4\\Rekayasa Perangkat Lunak\\Project-Apps\\vendor\\laravel\\framework\\src\\Illuminate\\Foundation\\Http\\Kernel.php(165): Illuminate\\Pipeline\\Pipeline->then(Object(Closure))
#49 D:\\Kuliah\\Kuliah Semester 4\\Rekayasa Perangkat Lunak\\Project-Apps\\vendor\\laravel\\framework\\src\\Illuminate\\Foundation\\Http\\Kernel.php(134): Illuminate\\Foundation\\Http\\Kernel->sendRequestThroughRouter(Object(Illuminate\\Http\\Request))
#50 D:\\Kuliah\\Kuliah Semester 4\\Rekayasa Perangkat Lunak\\Project-Apps\\public\\index.php(51): Illuminate\\Foundation\\Http\\Kernel->handle(Object(Illuminate\\Http\\Request))
#51 D:\\Kuliah\\Kuliah Semester 4\\Rekayasa Perangkat Lunak\\Project-Apps\\vendor\\laravel\\framework\\src\\Illuminate\\Foundation\\resources\\server.php(16): require_once('D:\\\\Kuliah\\\\Kulia...')
#52 {main}

[previous exception] [object] (PDOException(code: 42S22): SQLSTATE[42S22]: Column not found: 1054 Unknown column 'expires_at' in 'field list' at D:\\Kuliah\\Kuliah Semester 4\\Rekayasa Perangkat Lunak\\Project-Apps\\vendor\\laravel\\framework\\src\\Illuminate\\Database\\Connection.php:539)
[stacktrace]
#0 D:\\Kuliah\\Kuliah Semester 4\\Rekayasa Perangkat Lunak\\Project-Apps\\vendor\\laravel\\framework\\src\\Illuminate\\Database\\Connection.php(539): PDO->prepare('insert into `pe...')
#1 D:\\Kuliah\\Kuliah Semester 4\\Rekayasa Perangkat Lunak\\Project-Apps\\vendor\\laravel\\framework\\src\\Illuminate\\Database\\Connection.php(753): Illuminate\\Database\\Connection->Illuminate\\Database\\{closure}('insert into `pe...', Array)
#2 D:\\Kuliah\\Kuliah Semester 4\\Rekayasa Perangkat Lunak\\Project-Apps\\vendor\\laravel\\framework\\src\\Illuminate\\Database\\Connection.php(720): Illuminate\\Database\\Connection->runQueryCallback('insert into `pe...', Array, Object(Closure))
#3 D:\\Kuliah\\Kuliah Semester 4\\Rekayasa Perangkat Lunak\\Project-Apps\\vendor\\laravel\\framework\\src\\Illuminate\\Database\\Connection.php(534): Illuminate\\Database\\Connection->run('insert into `pe...', Array, Object(Closure))
#4 D:\\Kuliah\\Kuliah Semester 4\\Rekayasa Perangkat Lunak\\Project-Apps\\vendor\\laravel\\framework\\src\\Illuminate\\Database\\Connection.php(498): Illuminate\\Database\\Connection->statement('insert into `pe...', Array)
#5 D:\\Kuliah\\Kuliah Semester 4\\Rekayasa Perangkat Lunak\\Project-Apps\\vendor\\laravel\\framework\\src\\Illuminate\\Database\\Query\\Processors\\Processor.php(32): Illuminate\\Database\\Connection->insert('insert into `pe...', Array)
#6 D:\\Kuliah\\Kuliah Semester 4\\Rekayasa Perangkat Lunak\\Project-Apps\\vendor\\laravel\\framework\\src\\Illuminate\\Database\\Query\\Builder.php(3322): Illuminate\\Database\\Query\\Processors\\Processor->processInsertGetId(Object(Illuminate\\Database\\Query\\Builder), 'insert into `pe...', Array, 'id')
#7 D:\\Kuliah\\Kuliah Semester 4\\Rekayasa Perangkat Lunak\\Project-Apps\\vendor\\laravel\\framework\\src\\Illuminate\\Database\\Eloquent\\Builder.php(1869): Illuminate\\Database\\Query\\Builder->insertGetId(Array, 'id')
#8 D:\\Kuliah\\Kuliah Semester 4\\Rekayasa Perangkat Lunak\\Project-Apps\\vendor\\laravel\\framework\\src\\Illuminate\\Database\\Eloquent\\Model.php(1330): Illuminate\\Database\\Eloquent\\Builder->__call('insertGetId', Array)
#9 D:\\Kuliah\\Kuliah Semester 4\\Rekayasa Perangkat Lunak\\Project-Apps\\vendor\\laravel\\framework\\src\\Illuminate\\Database\\Eloquent\\Model.php(1295): Illuminate\\Database\\Eloquent\\Model->insertAndSetId(Object(Illuminate\\Database\\Eloquent\\Builder), Array)
#10 D:\\Kuliah\\Kuliah Semester 4\\Rekayasa Perangkat Lunak\\Project-Apps\\vendor\\laravel\\framework\\src\\Illuminate\\Database\\Eloquent\\Model.php(1138): Illuminate\\Database\\Eloquent\\Model->performInsert(Object(Illuminate\\Database\\Eloquent\\Builder))
#11 D:\\Kuliah\\Kuliah Semester 4\\Rekayasa Perangkat Lunak\\Project-Apps\\vendor\\laravel\\framework\\src\\Illuminate\\Database\\Eloquent\\Relations\\HasOneOrMany.php(322): Illuminate\\Database\\Eloquent\\Model->save()
#12 D:\\Kuliah\\Kuliah Semester 4\\Rekayasa Perangkat Lunak\\Project-Apps\\vendor\\laravel\\framework\\src\\Illuminate\\Support\\helpers.php(319): Illuminate\\Database\\Eloquent\\Relations\\HasOneOrMany->Illuminate\\Database\\Eloquent\\Relations\\{closure}(Object(Laravel\\Sanctum\\PersonalAccessToken))
#13 D:\\Kuliah\\Kuliah Semester 4\\Rekayasa Perangkat Lunak\\Project-Apps\\vendor\\laravel\\framework\\src\\Illuminate\\Database\\Eloquent\\Relations\\HasOneOrMany.php(319): tap(Object(Laravel\\Sanctum\\PersonalAccessToken), Object(Closure))
#14 D:\\Kuliah\\Kuliah Semester 4\\Rekayasa Perangkat Lunak\\Project-Apps\\vendor\\laravel\\sanctum\\src\\HasApiTokens.php(50): Illuminate\\Database\\Eloquent\\Relations\\HasOneOrMany->create(Array)
#15 D:\\Kuliah\\Kuliah Semester 4\\Rekayasa Perangkat Lunak\\Project-Apps\\app\\Http\\Controllers\\Api\\AuthController.php(28): App\\Models\\User->createToken('auth_token', Array)
#16 D:\\Kuliah\\Kuliah Semester 4\\Rekayasa Perangkat Lunak\\Project-Apps\\vendor\\laravel\\framework\\src\\Illuminate\\Routing\\Controller.php(54): App\\Http\\Controllers\\Api\\AuthController->register(Object(Illuminate\\Http\\Request))
#17 D:\\Kuliah\\Kuliah Semester 4\\Rekayasa Perangkat Lunak\\Project-Apps\\vendor\\laravel\\framework\\src\\Illuminate\\Routing\\ControllerDispatcher.php(43): Illuminate\\Routing\\Controller->callAction('register', Array)
#18 D:\\Kuliah\\Kuliah Semester 4\\Rekayasa Perangkat Lunak\\Project-Apps\\vendor\\laravel\\framework\\src\\Illuminate\\Routing\\Route.php(259): Illuminate\\Routing\\ControllerDispatcher->dispatch(Object(Illuminate\\Routing\\Route), Object(App\\Http\\Controllers\\Api\\AuthController), 'register')
#19 D:\\Kuliah\\Kuliah Semester 4\\Rekayasa Perangkat Lunak\\Project-Apps\\vendor\\laravel\\framework\\src\\Illuminate\\Routing\\Route.php(205): Illuminate\\Routing\\Route->runController()
#20 D:\\Kuliah\\Kuliah Semester 4\\Rekayasa Perangkat Lunak\\Project-Apps\\vendor\\laravel\\framework\\src\\Illuminate\\Routing\\Router.php(798): Illuminate\\Routing\\Route->run()
#21 D:\\Kuliah\\Kuliah Semester 4\\Rekayasa Perangkat Lunak\\Project-Apps\\vendor\\laravel\\framework\\src\\Illuminate\\Pipeline\\Pipeline.php(141): Illuminate\\Routing\\Router->Illuminate\\Routing\\{closure}(Object(Illuminate\\Http\\Request))
#22 D:\\Kuliah\\Kuliah Semester 4\\Rekayasa Perangkat Lunak\\Project-Apps\\vendor\\laravel\\framework\\src\\Illuminate\\Routing\\Middleware\\SubstituteBindings.php(50): Illuminate\\Pipeline\\Pipeline->Illuminate\\Pipeline\\{closure}(Object(Illuminate\\Http\\Request))
#23 D:\\Kuliah\\Kuliah Semester 4\\Rekayasa Perangkat Lunak\\Project-Apps\\vendor\\laravel\\framework\\src\\Illuminate\\Pipeline\\Pipeline.php(180): Illuminate\\Routing\\Middleware\\SubstituteBindings->handle(Object(Illuminate\\Http\\Request), Object(Closure))
#24 D:\\Kuliah\\Kuliah Semester 4\\Rekayasa Perangkat Lunak\\Project-Apps\\vendor\\laravel\\framework\\src\\Illuminate\\Routing\\Middleware\\ThrottleRequests.php(126): Illuminate\\Pipeline\\Pipeline->Illuminate\\Pipeline\\{closure}(Object(Illuminate\\Http\\Request))
#25 D:\\Kuliah\\Kuliah Semester 4\\Rekayasa Perangkat Lunak\\Project-Apps\\vendor\\laravel\\framework\\src\\Illuminate\\Routing\\Middleware\\ThrottleRequests.php(92): Illuminate\\Routing\\Middleware\\ThrottleRequests->handleRequest(Object(Illuminate\\Http\\Request), Object(Closure), Array)
#26 D:\\Kuliah\\Kuliah Semester 4\\Rekayasa Perangkat Lunak\\Project-Apps\\vendor\\laravel\\framework\\src\\Illuminate\\Routing\\Middleware\\ThrottleRequests.php(54): Illuminate\\Routing\\Middleware\\ThrottleRequests->handleRequestUsingNamedLimiter(Object(Illuminate\\Http\\Request), Object(Closure), 'api', Object(Closure))
#27 D:\\Kuliah\\Kuliah Semester 4\\Rekayasa Perangkat Lunak\\Project-Apps\\vendor\\laravel\\framework\\src\\Illuminate\\Pipeline\\Pipeline.php(180): Illuminate\\Routing\\Middleware\\ThrottleRequests->handle(Object(Illuminate\\Http\\Request), Object(Closure), 'api')
#28 D:\\Kuliah\\Kuliah Semester 4\\Rekayasa Perangkat Lunak\\Project-Apps\\vendor\\laravel\\framework\\src\\Illuminate\\Pipeline\\Pipeline.php(116): Illuminate\\Pipeline\\Pipeline->Illuminate\\Pipeline\\{closure}(Object(Illuminate\\Http\\Request))
#29 D:\\Kuliah\\Kuliah Semester 4\\Rekayasa Perangkat Lunak\\Project-Apps\\vendor\\laravel\\framework\\src\\Illuminate\\Routing\\Router.php(797): Illuminate\\Pipeline\\Pipeline->then(Object(Closure))
#30 D:\\Kuliah\\Kuliah Semester 4\\Rekayasa Perangkat Lunak\\Project-Apps\\vendor\\laravel\\framework\\src\\Illuminate\\Routing\\Router.php(776): Illuminate\\Routing\\Router->runRouteWithinStack(Object(Illuminate\\Routing\\Route), Object(Illuminate\\Http\\Request))
#31 D:\\Kuliah\\Kuliah Semester 4\\Rekayasa Perangkat Lunak\\Project-Apps\\vendor\\laravel\\framework\\src\\Illuminate\\Routing\\Router.php(740): Illuminate\\Routing\\Router->runRoute(Object(Illuminate\\Http\\Request), Object(Illuminate\\Routing\\Route))
#32 D:\\Kuliah\\Kuliah Semester 4\\Rekayasa Perangkat Lunak\\Project-Apps\\vendor\\laravel\\framework\\src\\Illuminate\\Routing\\Router.php(729): Illuminate\\Routing\\Router->dispatchToRoute(Object(Illuminate\\Http\\Request))
#33 D:\\Kuliah\\Kuliah Semester 4\\Rekayasa Perangkat Lunak\\Project-Apps\\vendor\\laravel\\framework\\src\\Illuminate\\Foundation\\Http\\Kernel.php(190): Illuminate\\Routing\\Router->dispatch(Object(Illuminate\\Http\\Request))
#34 D:\\Kuliah\\Kuliah Semester 4\\Rekayasa Perangkat Lunak\\Project-Apps\\vendor\\laravel\\framework\\src\\Illuminate\\Pipeline\\Pipeline.php(141): Illuminate\\Foundation\\Http\\Kernel->Illuminate\\Foundation\\Http\\{closure}(Object(Illuminate\\Http\\Request))
#35 D:\\Kuliah\\Kuliah Semester 4\\Rekayasa Perangkat Lunak\\Project-Apps\\vendor\\laravel\\framework\\src\\Illuminate\\Foundation\\Http\\Middleware\\TransformsRequest.php(21): Illuminate\\Pipeline\\Pipeline->Illuminate\\Pipeline\\{closure}(Object(Illuminate\\Http\\Request))
#36 D:\\Kuliah\\Kuliah Semester 4\\Rekayasa Perangkat Lunak\\Project-Apps\\vendor\\laravel\\framework\\src\\Illuminate\\Foundation\\Http\\Middleware\\ConvertEmptyStringsToNull.php(31): Illuminate\\Foundation\\Http\\Middleware\\TransformsRequest->handle(Object(Illuminate\\Http\\Request), Object(Closure))
#37 D:\\Kuliah\\Kuliah Semester 4\\Rekayasa Perangkat Lunak\\Project-Apps\\vendor\\laravel\\framework\\src\\Illuminate\\Pipeline\\Pipeline.php(180): Illuminate\\Foundation\\Http\\Middleware\\ConvertEmptyStringsToNull->handle(Object(Illuminate\\Http\\Request), Object(Closure))
#38 D:\\Kuliah\\Kuliah Semester 4\\Rekayasa Perangkat Lunak\\Project-Apps\\vendor\\laravel\\framework\\src\\Illuminate\\Foundation\\Http\\Middleware\\TransformsRequest.php(21): Illuminate\\Pipeline\\Pipeline->Illuminate\\Pipeline\\{closure}(Object(Illuminate\\Http\\Request))
#39 D:\\Kuliah\\Kuliah Semester 4\\Rekayasa Perangkat Lunak\\Project-Apps\\vendor\\laravel\\framework\\src\\Illuminate\\Foundation\\Http\\Middleware\\TrimStrings.php(40): Illuminate\\Foundation\\Http\\Middleware\\TransformsRequest->handle(Object(Illuminate\\Http\\Request), Object(Closure))
#40 D:\\Kuliah\\Kuliah Semester 4\\Rekayasa Perangkat Lunak\\Project-Apps\\vendor\\laravel\\framework\\src\\Illuminate\\Pipeline\\Pipeline.php(180): Illuminate\\Foundation\\Http\\Middleware\\TrimStrings->handle(Object(Illuminate\\Http\\Request), Object(Closure))
#41 D:\\Kuliah\\Kuliah Semester 4\\Rekayasa Perangkat Lunak\\Project-Apps\\vendor\\laravel\\framework\\src\\Illuminate\\Foundation\\Http\\Middleware\\ValidatePostSize.php(27): Illuminate\\Pipeline\\Pipeline->Illuminate\\Pipeline\\{closure}(Object(Illuminate\\Http\\Request))
#42 D:\\Kuliah\\Kuliah Semester 4\\Rekayasa Perangkat Lunak\\Project-Apps\\vendor\\laravel\\framework\\src\\Illuminate\\Pipeline\\Pipeline.php(180): Illuminate\\Foundation\\Http\\Middleware\\ValidatePostSize->handle(Object(Illuminate\\Http\\Request), Object(Closure))
#43 D:\\Kuliah\\Kuliah Semester 4\\Rekayasa Perangkat Lunak\\Project-Apps\\vendor\\laravel\\framework\\src\\Illuminate\\Foundation\\Http\\Middleware\\PreventRequestsDuringMaintenance.php(86): Illuminate\\Pipeline\\Pipeline->Illuminate\\Pipeline\\{closure}(Object(Illuminate\\Http\\Request))
#44 D:\\Kuliah\\Kuliah Semester 4\\Rekayasa Perangkat Lunak\\Project-Apps\\vendor\\laravel\\framework\\src\\Illuminate\\Pipeline\\Pipeline.php(180): Illuminate\\Foundation\\Http\\Middleware\\PreventRequestsDuringMaintenance->handle(Object(Illuminate\\Http\\Request), Object(Closure))
#45 D:\\Kuliah\\Kuliah Semester 4\\Rekayasa Perangkat Lunak\\Project-Apps\\vendor\\fruitcake\\laravel-cors\\src\\HandleCors.php(52): Illuminate\\Pipeline\\Pipeline->Illuminate\\Pipeline\\{closure}(Object(Illuminate\\Http\\Request))
#46 D:\\Kuliah\\Kuliah Semester 4\\Rekayasa Perangkat Lunak\\Project-Apps\\vendor\\laravel\\framework\\src\\Illuminate\\Pipeline\\Pipeline.php(180): Fruitcake\\Cors\\HandleCors->handle(Object(Illuminate\\Http\\Request), Object(Closure))
#47 D:\\Kuliah\\Kuliah Semester 4\\Rekayasa Perangkat Lunak\\Project-Apps\\vendor\\laravel\\framework\\src\\Illuminate\\Http\\Middleware\\TrustProxies.php(39): Illuminate\\Pipeline\\Pipeline->Illuminate\\Pipeline\\{closure}(Object(Illuminate\\Http\\Request))
#48 D:\\Kuliah\\Kuliah Semester 4\\Rekayasa Perangkat Lunak\\Project-Apps\\vendor\\laravel\\framework\\src\\Illuminate\\Pipeline\\Pipeline.php(180): Illuminate\\Http\\Middleware\\TrustProxies->handle(Object(Illuminate\\Http\\Request), Object(Closure))
#49 D:\\Kuliah\\Kuliah Semester 4\\Rekayasa Perangkat Lunak\\Project-Apps\\vendor\\laravel\\framework\\src\\Illuminate\\Pipeline\\Pipeline.php(116): Illuminate\\Pipeline\\Pipeline->Illuminate\\Pipeline\\{closure}(Object(Illuminate\\Http\\Request))
#50 D:\\Kuliah\\Kuliah Semester 4\\Rekayasa Perangkat Lunak\\Project-Apps\\vendor\\laravel\\framework\\src\\Illuminate\\Foundation\\Http\\Kernel.php(165): Illuminate\\Pipeline\\Pipeline->then(Object(Closure))
#51 D:\\Kuliah\\Kuliah Semester 4\\Rekayasa Perangkat Lunak\\Project-Apps\\vendor\\laravel\\framework\\src\\Illuminate\\Foundation\\Http\\Kernel.php(134): Illuminate\\Foundation\\Http\\Kernel->sendRequestThroughRouter(Object(Illuminate\\Http\\Request))
#52 D:\\Kuliah\\Kuliah Semester 4\\Rekayasa Perangkat Lunak\\Project-Apps\\public\\index.php(51): Illuminate\\Foundation\\Http\\Kernel->handle(Object(Illuminate\\Http\\Request))
#53 D:\\Kuliah\\Kuliah Semester 4\\Rekayasa Perangkat Lunak\\Project-Apps\\vendor\\laravel\\framework\\src\\Illuminate\\Foundation\\resources\\server.php(16): require_once('D:\\\\Kuliah\\\\Kulia...')
#54 {main}
"} 
